Type,Commodity,KGs,Value_of_Goods_Exported,Date
Cut-flowers,Anthurium leaves,3769.74,1707653.0,01/25/2015 12:00:00 AM
Cut-flowers,Cut foliage,9040.37,4476063.0,01/25/2015 12:00:00 AM
Cut-flowers,Fillers,58.0,18938.0,01/25/2015 12:00:00 AM
Cut-flowers,Leather leaves/fern,309.72,121856.0,01/25/2015 12:00:00 AM
Cut-flowers,Ranunculus,104.0,34827.0,01/25/2015 12:00:00 AM
Cut-flowers,Agapanthus,11721.28,1989548.0,01/25/2015 12:00:00 AM
Cut-flowers,Alstroemeria,63730.63,28055617.0,01/25/2015 12:00:00 AM
Cut-flowers,Amaranthus,1079.52,349166.0,01/25/2015 12:00:00 AM
Cut-flowers,Ammi,20596.77,6167402.0,01/25/2015 12:00:00 AM
Cut-flowers,Anigozanthos,64.01,30095.0,01/25/2015 12:00:00 AM
Cut-flowers,Anthurium,1962.37,784778.0,01/25/2015 12:00:00 AM
Cut-flowers,Arabicum / saundersiea,25007.89,5023325.0,01/25/2015 12:00:00 AM
Cut-flowers,Asparagus fern,31.92,6873.0,01/25/2015 12:00:00 AM
Cut-flowers,Assorted/bouquet,6540.0,1477396.0,01/25/2015 12:00:00 AM
Cut-flowers,Astrantia,2597.01,1395269.0,01/25/2015 12:00:00 AM
Cut-flowers,Bougainvillea,3498.84,1201898.0,01/25/2015 12:00:00 AM
Cut-flowers,Brodiaea,1425.01,380671.0,01/25/2015 12:00:00 AM
Cut-flowers,Bupleurum,4491.98,2058992.0,01/25/2015 12:00:00 AM
Cut-flowers,Callistaphus,1.16,590.0,01/25/2015 12:00:00 AM
Cut-flowers,Calla lillies,18005.95,17110721.0,01/25/2015 12:00:00 AM
Cut-flowers,Carnation / dianthus,159824.7,60272520.0,01/25/2015 12:00:00 AM
Cut-flowers,Chrysanthemums,6721.84,1626131.0,01/25/2015 12:00:00 AM
Cut-flowers,Craspedia,7130.38,1798755.0,01/25/2015 12:00:00 AM
Cut-flowers,Crocosmia / montbretia,872.12,283851.0,01/25/2015 12:00:00 AM
Cut-flowers,Delphinium,2856.28,910748.0,01/25/2015 12:00:00 AM
Cut-flowers,Eryngium,15088.75,7545784.0,01/25/2015 12:00:00 AM
Cut-flowers,Eucalyptus,361.31,128084.0,01/25/2015 12:00:00 AM
Cut-flowers,Fennel/feoniculum,15.65,8765.0,01/25/2015 12:00:00 AM
Cut-flowers,Gladiolus,99.19,27280.0,01/25/2015 12:00:00 AM
Cut-flowers,Grass,902.03,283969.0,01/25/2015 12:00:00 AM
Cut-flowers,Gypsophilla / million stars,105346.93,36015301.0,01/25/2015 12:00:00 AM
Cut-flowers,Heliconia,2.67,2678.0,01/25/2015 12:00:00 AM
Vegetables,Celery,5.0,30.0,04/25/2015 12:00:00 AM
Cut-flowers,Helianthus/sunflower,4968.2,1962185.0,01/25/2015 12:00:00 AM
Cut-flowers,Hypericum,135543.69,58752457.0,01/25/2015 12:00:00 AM
Cut-flowers,Kangaroo paw,4162.37,623555.0,01/25/2015 12:00:00 AM
Cut-flowers,Lavender,194.12,39086.0,01/25/2015 12:00:00 AM
Cut-flowers,Liatris,74.32,13390.0,01/25/2015 12:00:00 AM
Cut-flowers,Lilies/longiflora,45956.39,38409470.0,01/25/2015 12:00:00 AM
Cut-flowers,Lisianthus/eustoma,24.04,38116.0,01/25/2015 12:00:00 AM
Cut-flowers,Mathiola,17994.4,14684837.0,01/25/2015 12:00:00 AM
Cut-flowers,Mixed flowers,190043.49,93280473.0,01/25/2015 12:00:00 AM
Cut-flowers,Mobbydick,5749.23,1389678.0,01/25/2015 12:00:00 AM
Cut-flowers,Molucella,782.51,296943.0,01/25/2015 12:00:00 AM
Cut-flowers,Ornithogulum,14951.46,3085008.0,01/25/2015 12:00:00 AM
Cut-flowers,Papyrus,270.0,73560.0,01/25/2015 12:00:00 AM
Cut-flowers,Phlox,5334.59,3616211.0,01/25/2015 12:00:00 AM
Cut-flowers,Rosemary,765.33,304415.0,01/25/2015 12:00:00 AM
Cut-flowers,Roses,7979073.32,3185700257.0,01/25/2015 12:00:00 AM
Cut-flowers,Rudbeckia,371.95,88544.0,01/25/2015 12:00:00 AM
Cut-flowers,Ruscus/flower cabbage,2969.22,1198572.0,01/25/2015 12:00:00 AM
Cut-flowers,Scabiosa,2478.33,601192.0,01/25/2015 12:00:00 AM
Cut-flowers,Solidago,120171.17,40435586.0,01/25/2015 12:00:00 AM
Cut-flowers,Statice/limonium,60040.47,20454035.0,01/25/2015 12:00:00 AM
Cut-flowers,Strelitzia/birds of paradise,129.65,25992.0,01/25/2015 12:00:00 AM
Cut-flowers,Tuberose,6160.66,1420566.0,01/25/2015 12:00:00 AM
Cut-flowers,Veronica,46051.58,12323739.0,01/25/2015 12:00:00 AM
Cut-flowers,Hydrangea,21338.4,7823490.0,01/25/2015 12:00:00 AM
Cut-flowers,Carnation cuttings,10512.0,4119345.0,01/25/2015 12:00:00 AM
Cut-flowers,Chrysanthemums cuttings,1024.71,492079.0,01/25/2015 12:00:00 AM
Cut-flowers,Cuttings,1176784.0,383187389.0,01/25/2015 12:00:00 AM
Cut-flowers,Fuchsia cuttings,303.0,243701.0,01/25/2015 12:00:00 AM
Cut-flowers,Geranium cuttings,4206.74,313812245.0,01/25/2015 12:00:00 AM
Cut-flowers,Osteospermum cuttings,637.26,758605.0,01/25/2015 12:00:00 AM
Cut-flowers,Pelargonium cuttings,5036.0,5415259.0,01/25/2015 12:00:00 AM
Cut-flowers,Rose cuttings,8524.4,3491651.0,01/25/2015 12:00:00 AM
Fruits,Apple,1292.0,204772.0,01/25/2015 12:00:00 AM
Fruits,Avocado,1126342.1,133700475.0,01/25/2015 12:00:00 AM
Fruits,Banana,45.0,9366.0,01/25/2015 12:00:00 AM
Fruits,Custard apple / sour sop,1545.0,280289.0,01/25/2015 12:00:00 AM
Fruits,Lemon,797.5,491548.0,01/25/2015 12:00:00 AM
Fruits,Passion,38510.67,10440371.0,01/25/2015 12:00:00 AM
Fruits,Pawpaw,175.4,36780.0,01/25/2015 12:00:00 AM
Fruits,Pineapple,114.0,893.0,01/25/2015 12:00:00 AM
Fruits,Raspberries/blisses,68904.38,136922679.0,01/25/2015 12:00:00 AM
Fruits,Mango,1476687.25,194731742.0,01/25/2015 12:00:00 AM
Vegetables,Aloe vera,20.0,16075.0,01/25/2015 12:00:00 AM
Vegetables,Melissa,6.0,2724.0,01/25/2015 12:00:00 AM
Vegetables,Pepper mint,947.84,357769.0,01/25/2015 12:00:00 AM
Vegetables,Tarragon,78.0,48269.0,01/25/2015 12:00:00 AM
Vegetables,Basil,18222.95,7707747.0,01/25/2015 12:00:00 AM
Vegetables,Chillies,78546.1,26514385.0,01/25/2015 12:00:00 AM
Vegetables,Chives,7922.0,4506298.0,01/25/2015 12:00:00 AM
Vegetables,Coriander/dhania,1008.81,371316.0,01/25/2015 12:00:00 AM
Vegetables,Dill,1032.0,537737.0,01/25/2015 12:00:00 AM
Vegetables,Leeks,199.78,100352.0,01/25/2015 12:00:00 AM
Vegetables,Onions,9276.17,4033116.0,01/25/2015 12:00:00 AM
Vegetables,Parsley,1058.0,501217.0,01/25/2015 12:00:00 AM
Vegetables,Rosemary,659.1,342766.0,01/25/2015 12:00:00 AM
Vegetables,Thyme,880.69,544176.0,01/25/2015 12:00:00 AM
Vegetables,Arrow roots(nduma),200.0,3347.0,01/25/2015 12:00:00 AM
Vegetables,Aubergines,79363.4,16516237.0,01/25/2015 12:00:00 AM
Vegetables,Baby corn,10656.7,3948408.0,01/25/2015 12:00:00 AM
Vegetables,Fine beans,1535440.19,418457153.0,01/25/2015 12:00:00 AM
Vegetables,Beetroot,174.94,73704.0,01/25/2015 12:00:00 AM
Vegetables,Broccoli,104187.32,41643645.0,01/25/2015 12:00:00 AM
Vegetables,Butter nuts,19.0,2724.0,01/25/2015 12:00:00 AM
Vegetables,Carrots,584.1,324293.0,01/25/2015 12:00:00 AM
Vegetables,Courgettes/zucchine,630.19,214936.0,01/25/2015 12:00:00 AM
Vegetables,Dudhi,1080.5,298869.0,01/25/2015 12:00:00 AM
Vegetables,Garden peas,17759.7,7948616.0,01/25/2015 12:00:00 AM
Vegetables,Gunda,18.0,3709.0,01/25/2015 12:00:00 AM
Vegetables,Karella,2131.0,692077.0,01/25/2015 12:00:00 AM
Vegetables,Matoke,300.0,92891.0,01/25/2015 12:00:00 AM
Vegetables,Mixed vegetables,1992727.38,729606484.0,01/25/2015 12:00:00 AM
Vegetables,Okra,4447.5,1196685.0,01/25/2015 12:00:00 AM
Vegetables,Patra/arrow root leaves,1854.0,670901.0,01/25/2015 12:00:00 AM
Vegetables,Runner beans,59999.7,20054844.0,01/25/2015 12:00:00 AM
Vegetables,Serenade,1813.0,993107.0,01/25/2015 12:00:00 AM
Vegetables,Snap peas,71288.28,41943910.0,01/25/2015 12:00:00 AM
Vegetables,Snow/mangetout,191906.1,60253060.0,01/25/2015 12:00:00 AM
Vegetables,Sugar cane,45.0,14077.0,01/25/2015 12:00:00 AM
Vegetables,Sweet potatoes,32.0,464.0,01/25/2015 12:00:00 AM
Vegetables,Turia,72.0,18084.0,01/25/2015 12:00:00 AM
Vegetables,Turnips,197.6,139854.0,01/25/2015 12:00:00 AM
Vegetables,Valore,290.0,92940.0,01/25/2015 12:00:00 AM
Vegetables,Bean processed,798685.0,98785065.0,01/25/2015 12:00:00 AM
Vegetables,Herbs,113981.0,66894102.0,01/25/2015 12:00:00 AM
Cut-flowers,Anthurium leaves,1200.0,497424.0,02/25/2015 12:00:00 AM
Cut-flowers,Cut foliage,4802.27,2651682.0,02/25/2015 12:00:00 AM
Cut-flowers,Leather leaves/fern,459.71,124800.0,02/25/2015 12:00:00 AM
Cut-flowers,Agapanthus,15673.98,2179164.0,02/25/2015 12:00:00 AM
Cut-flowers,Alstroemeria,90420.8,42723492.0,02/25/2015 12:00:00 AM
Cut-flowers,Amaranthus,95.33,134494.0,02/25/2015 12:00:00 AM
Cut-flowers,Ammi,21960.69,6655274.0,02/25/2015 12:00:00 AM
Cut-flowers,Anigozanthos,23.03,13253.0,02/25/2015 12:00:00 AM
Cut-flowers,Anthurium,2781.64,794366.0,02/25/2015 12:00:00 AM
Cut-flowers,Arabicum / saundersiea,12804.03,2800560.0,02/25/2015 12:00:00 AM
Cut-flowers,Asclepias,533.0,148572.0,02/25/2015 12:00:00 AM
Cut-flowers,Asparagus fern,260.04,60284.0,02/25/2015 12:00:00 AM
Cut-flowers,Assorted/bouquet,19188.35,12440691.0,02/25/2015 12:00:00 AM
Cut-flowers,Astrantia,2314.4,926058.0,02/25/2015 12:00:00 AM
Cut-flowers,Bougainvillea,3435.72,2422994.0,02/25/2015 12:00:00 AM
Cut-flowers,Bouvadia,619.05,1166744.0,02/25/2015 12:00:00 AM
Cut-flowers,Brodiaea,786.71,724128.0,02/25/2015 12:00:00 AM
Cut-flowers,Bupleurum,2013.99,864009.0,02/25/2015 12:00:00 AM
Cut-flowers,Calla lillies,16251.75,23005189.0,02/25/2015 12:00:00 AM
Cut-flowers,Campanula,23.74,4463.0,02/25/2015 12:00:00 AM
Cut-flowers,Carnation / dianthus,352019.79,148458602.0,02/25/2015 12:00:00 AM
Cut-flowers,Celosia/wool flowers,959.0,317851.0,02/25/2015 12:00:00 AM
Cut-flowers,Chrysanthemums,8151.88,48976134.0,02/25/2015 12:00:00 AM
Cut-flowers,Craspedia,7136.11,1417919.0,02/25/2015 12:00:00 AM
Cut-flowers,Crocosmia / montbretia,2466.68,1044479.0,02/25/2015 12:00:00 AM
Cut-flowers,Delphinium,3028.99,2281820.0,02/25/2015 12:00:00 AM
Cut-flowers,Eryngium,7788.52,2808568.0,02/25/2015 12:00:00 AM
Cut-flowers,Eucalyptus,829.51,261107.0,02/25/2015 12:00:00 AM
Cut-flowers,Euphorbia,326.69,56759.0,02/25/2015 12:00:00 AM
Cut-flowers,Fennel/feoniculum,8.04,1748.0,02/25/2015 12:00:00 AM
Cut-flowers,Freesia,135.58,59016.0,02/25/2015 12:00:00 AM
Cut-flowers,Gladiolus,62.05,19263.0,02/25/2015 12:00:00 AM
Cut-flowers,Grass,655.5,465196.0,02/25/2015 12:00:00 AM
Cut-flowers,Gypsophilla / million stars,165073.74,59156258.0,02/25/2015 12:00:00 AM
Cut-flowers,Heliconia,97.6,56071.0,02/25/2015 12:00:00 AM
Cut-flowers,Helianthus/sunflower,6135.54,1938020.0,02/25/2015 12:00:00 AM
Cut-flowers,Hypericum,123187.16,51751382.0,02/25/2015 12:00:00 AM
Cut-flowers,Kangaroo paw,5096.22,708369.0,02/25/2015 12:00:00 AM
Cut-flowers,Lavender,165.41,39555.0,02/25/2015 12:00:00 AM
Cut-flowers,Liatris,683.38,83660.0,02/25/2015 12:00:00 AM
Cut-flowers,Lilies/longiflora,46368.6,46593978.0,02/25/2015 12:00:00 AM
Cut-flowers,Lisianthus/eustoma,19.71,27225.0,02/25/2015 12:00:00 AM
Cut-flowers,Mathiola,29431.02,26609754.0,02/25/2015 12:00:00 AM
Cut-flowers,Mixed flowers,163970.95,76959520.0,02/25/2015 12:00:00 AM
Cut-flowers,Mobbydick,5805.36,1635928.0,02/25/2015 12:00:00 AM
Cut-flowers,Molucella,165.98,47929.0,02/25/2015 12:00:00 AM
Cut-flowers,Ornithogulum,10442.14,3111161.0,02/25/2015 12:00:00 AM
Cut-flowers,Phlox,6520.78,650954.0,02/25/2015 12:00:00 AM
Cut-flowers,Rosemary,1367.88,348435.0,02/25/2015 12:00:00 AM
Cut-flowers,Roses,11049185.48,4838506443.0,02/25/2015 12:00:00 AM
Cut-flowers,Rudbeckia,651.23,146438.0,02/25/2015 12:00:00 AM
Cut-flowers,Ruscus/flower cabbage,5746.86,2131993.0,02/25/2015 12:00:00 AM
Cut-flowers,Scabiosa,1582.65,434548.0,02/25/2015 12:00:00 AM
Cut-flowers,Setaria,11.9,7288.0,02/25/2015 12:00:00 AM
Cut-flowers,Solidago,96454.35,40702896.0,02/25/2015 12:00:00 AM
Cut-flowers,Statice/limonium,81723.13,26555265.0,02/25/2015 12:00:00 AM
Cut-flowers,Strelitzia/birds of paradise,231.69,78370.0,02/25/2015 12:00:00 AM
Cut-flowers,Tuberose,5515.54,1257215.0,02/25/2015 12:00:00 AM
Cut-flowers,Veronica,50546.51,13511202.0,02/25/2015 12:00:00 AM
Cut-flowers,Hydrangea,21337.61,9755793.0,02/25/2015 12:00:00 AM
Cut-flowers,Carnation cuttings,120.0,28418.0,02/25/2015 12:00:00 AM
Cut-flowers,Chrysanthemums cuttings,2243.5,630321.0,02/25/2015 12:00:00 AM
Cut-flowers,Cuttings,187322.2,601461877.0,02/25/2015 12:00:00 AM
Cut-flowers,Geranium cuttings,931.27,2256368.0,02/25/2015 12:00:00 AM
Cut-flowers,Pelargonium cuttings,3365.0,3487479.0,02/25/2015 12:00:00 AM
Fruits,Apple,3055.0,529780.0,02/25/2015 12:00:00 AM
Fruits,Avocado,1503393.97,138829619.0,02/25/2015 12:00:00 AM
Fruits,Banana,90.0,31786.0,02/25/2015 12:00:00 AM
Fruits,Custard apple / sour sop,9018.0,1634599.0,02/25/2015 12:00:00 AM
Fruits,Lemon,836.08,493688.0,02/25/2015 12:00:00 AM
Fruits,Passion,48895.03,12363358.0,02/25/2015 12:00:00 AM
Fruits,Pawpaw,80.0,16361.0,02/25/2015 12:00:00 AM
Fruits,Raspberries/blisses,28860.3,46766980.0,02/25/2015 12:00:00 AM
Fruits,Strawberry,640.0,113812.0,02/25/2015 12:00:00 AM
Fruits,Mango,1330034.71,183104589.0,02/25/2015 12:00:00 AM
Fruits,Macadamia,31037.8,28341504.0,02/25/2015 12:00:00 AM
Vegetables,Aloe vera,30.0,58871.0,02/25/2015 12:00:00 AM
Vegetables,Pepper mint,18.0,5425.0,02/25/2015 12:00:00 AM
Vegetables,Tarragon,30.0,19370.0,02/25/2015 12:00:00 AM
Vegetables,Basil,14209.31,5585760.0,02/25/2015 12:00:00 AM
Vegetables,Chillies,83649.24,25781275.0,02/25/2015 12:00:00 AM
Vegetables,Chives,3833.63,1999708.0,02/25/2015 12:00:00 AM
Vegetables,Coriander/dhania,267.88,144680.0,02/25/2015 12:00:00 AM
Vegetables,Dill,666.75,202975.0,02/25/2015 12:00:00 AM
Vegetables,Leeks,29.0,13417.0,02/25/2015 12:00:00 AM
Vegetables,Onions,5824.89,2283738.0,02/25/2015 12:00:00 AM
Vegetables,Parsley,1026.0,579800.0,02/25/2015 12:00:00 AM
Vegetables,Rosemary,477.98,232812.0,02/25/2015 12:00:00 AM
Vegetables,Thyme,1160.53,327541.0,02/25/2015 12:00:00 AM
Vegetables,Aubergines,96401.01,17618265.0,02/25/2015 12:00:00 AM
Vegetables,Baby corn,3167.21,1141820.0,02/25/2015 12:00:00 AM
Vegetables,Fine beans,2170663.68,366244571.0,02/25/2015 12:00:00 AM
Vegetables,Broccoli,94497.85,34100101.0,02/25/2015 12:00:00 AM
Vegetables,Carrots,972.0,434562.0,02/25/2015 12:00:00 AM
Vegetables,Courgettes/zucchine,2863.4,175206.0,02/25/2015 12:00:00 AM
Vegetables,Dudhi,823.32,247990.0,02/25/2015 12:00:00 AM
Vegetables,Garden peas,18443.8,8697413.0,02/25/2015 12:00:00 AM
Vegetables,Green maize,33.0,14422.0,02/25/2015 12:00:00 AM
Vegetables,Gunda,24.0,6889.0,02/25/2015 12:00:00 AM
Vegetables,Karella,732.0,260006.0,02/25/2015 12:00:00 AM
Vegetables,Matoke,180.0,49496.0,02/25/2015 12:00:00 AM
Vegetables,Mixed vegetables,1869326.99,725421738.0,02/25/2015 12:00:00 AM
Vegetables,Okra,3125.8,944938.0,02/25/2015 12:00:00 AM
Vegetables,Patra/arrow root leaves,1379.0,402948.0,02/25/2015 12:00:00 AM
Vegetables,Runner beans,56248.64,22535977.0,02/25/2015 12:00:00 AM
Vegetables,Serenade,2570.0,1433457.0,02/25/2015 12:00:00 AM
Vegetables,Snap peas,59054.53,19000574.0,02/25/2015 12:00:00 AM
Vegetables,Snow/mangetout,157528.09,47406922.0,02/25/2015 12:00:00 AM
Vegetables,Sugar cane,40.0,12317.0,02/25/2015 12:00:00 AM
Vegetables,Turia,12.0,3014.0,02/25/2015 12:00:00 AM
Vegetables,Valore,110.0,37890.0,02/25/2015 12:00:00 AM
Vegetables,Bean processed,252264.0,28311500.0,02/25/2015 12:00:00 AM
Vegetables,Herbs,90759.15,50857934.0,02/25/2015 12:00:00 AM
Cut-flowers,Anthurium leaves,3362.11,1215772.0,03/25/2015 12:00:00 AM
Cut-flowers,Cut foliage,7644.21,2335744.0,03/25/2015 12:00:00 AM
Cut-flowers,Fillers,27.21,10711.0,03/25/2015 12:00:00 AM
Cut-flowers,Leather leaves/fern,349.34,83968.0,03/25/2015 12:00:00 AM
Cut-flowers,Ranunculus,70.0,28924.0,03/25/2015 12:00:00 AM
Cut-flowers,Agapanthus,14513.56,2252909.0,03/25/2015 12:00:00 AM
Cut-flowers,Alstroemeria,81716.3,33127218.0,03/25/2015 12:00:00 AM
Cut-flowers,Amaranthus,43.98,51728.0,03/25/2015 12:00:00 AM
Cut-flowers,Ammi,23768.63,11809566.0,03/25/2015 12:00:00 AM
Cut-flowers,Anthurium,6420.13,2571949.0,03/25/2015 12:00:00 AM
Cut-flowers,Arabicum / saundersiea,11150.44,3182087.0,03/25/2015 12:00:00 AM
Cut-flowers,Asparagus fern,164.72,52946.0,03/25/2015 12:00:00 AM
Cut-flowers,Assorted/bouquet,1596.49,742959.0,03/25/2015 12:00:00 AM
Cut-flowers,Astrantia,4734.72,2102475.0,03/25/2015 12:00:00 AM
Cut-flowers,Bougainvillea,1239.92,870600.0,03/25/2015 12:00:00 AM
Cut-flowers,Bouvadia,3333.4,2464013.0,03/25/2015 12:00:00 AM
Cut-flowers,Brodiaea,10.23,5713.0,03/25/2015 12:00:00 AM
Cut-flowers,Bupleurum,1428.37,971374.0,03/25/2015 12:00:00 AM
Cut-flowers,Calla lillies,25663.42,34618827.0,03/25/2015 12:00:00 AM
Cut-flowers,Carnation / dianthus,299500.18,637112137.0,03/25/2015 12:00:00 AM
Cut-flowers,Chrysanthemums,8139.55,2472464.0,03/25/2015 12:00:00 AM
Cut-flowers,Craspedia,7042.51,1269858.0,03/25/2015 12:00:00 AM
Cut-flowers,Crocosmia / montbretia,3589.53,1912043.0,03/25/2015 12:00:00 AM
Cut-flowers,Delphinium,3239.08,3327281.0,03/25/2015 12:00:00 AM
Cut-flowers,Eryngium,18489.56,7756244.0,03/25/2015 12:00:00 AM
Cut-flowers,Eucalyptus,1403.8,436064.0,03/25/2015 12:00:00 AM
Cut-flowers,Euphorbia,436.57,116697.0,03/25/2015 12:00:00 AM
Cut-flowers,Freesia,1150.92,547524.0,03/25/2015 12:00:00 AM
Cut-flowers,Gladiolus,6.82,786.0,03/25/2015 12:00:00 AM
Cut-flowers,Grass,702.48,289966.0,03/25/2015 12:00:00 AM
Cut-flowers,Gypsophilla / million stars,159376.97,81110655.0,03/25/2015 12:00:00 AM
Cut-flowers,Helianthus/sunflower,10970.67,72859067.0,03/25/2015 12:00:00 AM
Cut-flowers,Hypericum,113670.0,169386374.0,03/25/2015 12:00:00 AM
Cut-flowers,Kangaroo paw,2101.13,376057.0,03/25/2015 12:00:00 AM
Cut-flowers,Lavender,966.96,253460.0,03/25/2015 12:00:00 AM
Cut-flowers,Liatris,774.75,88414.0,03/25/2015 12:00:00 AM
Cut-flowers,Lilies/longiflora,33027.47,30753699.0,03/25/2015 12:00:00 AM
Cut-flowers,Lisianthus/eustoma,78.37,68754.0,03/25/2015 12:00:00 AM
Cut-flowers,Mathiola,35155.43,23268414.0,03/25/2015 12:00:00 AM
Cut-flowers,Mixed flowers,149818.92,66286414.0,03/25/2015 12:00:00 AM
Cut-flowers,Mobbydick,2328.14,758189.0,03/25/2015 12:00:00 AM
Cut-flowers,Molucella,609.75,145893.0,03/25/2015 12:00:00 AM
Cut-flowers,Ornithogulum,19474.25,9476478.0,03/25/2015 12:00:00 AM
Cut-flowers,Papyrus,100.0,27244.0,03/25/2015 12:00:00 AM
Cut-flowers,Phlox,1910.57,153927591.0,03/25/2015 12:00:00 AM
Cut-flowers,Rosemary,1352.98,679478.0,03/25/2015 12:00:00 AM
Cut-flowers,Roses,9935000.52,5231748979.0,03/25/2015 12:00:00 AM
Cut-flowers,Rudbeckia,161.5,45407.0,03/25/2015 12:00:00 AM
Cut-flowers,Ruscus/flower cabbage,6782.01,3760855.0,03/25/2015 12:00:00 AM
Cut-flowers,Scabiosa,2160.34,602496.0,03/25/2015 12:00:00 AM
Cut-flowers,Setaria,5.67,3757.0,03/25/2015 12:00:00 AM
Cut-flowers,Solidago,123424.22,76005376.0,03/25/2015 12:00:00 AM
Cut-flowers,Statice/limonium,93819.94,40994210.0,03/25/2015 12:00:00 AM
Cut-flowers,Strelitzia/birds of paradise,202.04,99754.0,03/25/2015 12:00:00 AM
Cut-flowers,Tuberose,2963.66,765964.0,03/25/2015 12:00:00 AM
Cut-flowers,Veronica,46989.03,12837264.0,03/25/2015 12:00:00 AM
Cut-flowers,Hydrangea,34229.31,18123168.0,03/25/2015 12:00:00 AM
Cut-flowers,Chrysanthemums cuttings,1560.0,1244106.0,03/25/2015 12:00:00 AM
Cut-flowers,Cuttings,517194.31,469551985.0,03/25/2015 12:00:00 AM
Cut-flowers,Fuchsia cuttings,44.87,24656.0,03/25/2015 12:00:00 AM
Cut-flowers,Geranium cuttings,609.0,1291615579.0,03/25/2015 12:00:00 AM
Cut-flowers,Osteospermum cuttings,204.0,532940.0,03/25/2015 12:00:00 AM
Cut-flowers,Pelargonium cuttings,2084.13,3557541.0,03/25/2015 12:00:00 AM
Cut-flowers,Rose cuttings,590.0,389305.0,03/25/2015 12:00:00 AM
Fruits,Apple,4443.0,1602913.0,03/25/2015 12:00:00 AM
Fruits,Avocado,2584639.02,280710051.0,03/25/2015 12:00:00 AM
Fruits,Banana,150.0,53052.0,03/25/2015 12:00:00 AM
Fruits,Custard apple / sour sop,26346.0,4824586.0,03/25/2015 12:00:00 AM
Fruits,Lemon,415.75,106560.0,03/25/2015 12:00:00 AM
Fruits,Passion,50506.02,11322102.0,03/25/2015 12:00:00 AM
Fruits,Pawpaw,50.0,10542.0,03/25/2015 12:00:00 AM
Fruits,Raspberries/blisses,445.8,734630.0,03/25/2015 12:00:00 AM
Fruits,Strawberry,523.2,103093.0,03/25/2015 12:00:00 AM
Fruits,Mango,714290.05,103856783.0,03/25/2015 12:00:00 AM
Fruits,Macadamia,87057.0,93389231.0,03/25/2015 12:00:00 AM
Vegetables,Pepper mint,1210.0,544151.0,03/25/2015 12:00:00 AM
Vegetables,Chillies dried,1121.0,160553.0,03/25/2015 12:00:00 AM
Vegetables,Basil,10627.44,5716473.0,03/25/2015 12:00:00 AM
Vegetables,Chillies,78575.02,24351976.0,03/25/2015 12:00:00 AM
Vegetables,Chives,1697.0,802781.0,03/25/2015 12:00:00 AM
Vegetables,Coriander/dhania,163.0,61983.0,03/25/2015 12:00:00 AM
Vegetables,Dill,509.0,189126.0,03/25/2015 12:00:00 AM
Vegetables,Leeks,18.0,9909.0,03/25/2015 12:00:00 AM
Vegetables,Onions,7524.11,1451355.0,03/25/2015 12:00:00 AM
Vegetables,Parsley,21.6,10885.0,03/25/2015 12:00:00 AM
Vegetables,Rosemary,184.23,83734.0,03/25/2015 12:00:00 AM
Vegetables,Thyme,841.15,329565.0,03/25/2015 12:00:00 AM
Vegetables,Aubergines,87241.0,19602525.0,03/25/2015 12:00:00 AM
Vegetables,Baby corn,6319.85,2160888.0,03/25/2015 12:00:00 AM
Vegetables,Fine beans,2112257.29,489059423.0,03/25/2015 12:00:00 AM
Vegetables,Beetroot,63.0,35474.0,03/25/2015 12:00:00 AM
Vegetables,Broccoli,57487.77,18638247.0,03/25/2015 12:00:00 AM
Vegetables,Carrots,437.4,167338.0,03/25/2015 12:00:00 AM
Vegetables,Courgettes/zucchine,4280.54,612038.0,03/25/2015 12:00:00 AM
Vegetables,Dudhi,809.0,262580.0,03/25/2015 12:00:00 AM
Vegetables,Garden peas,10528.97,5243084.0,03/25/2015 12:00:00 AM
Vegetables,Gunda,529.0,143591.0,03/25/2015 12:00:00 AM
Vegetables,Karella,4685.0,1566730.0,03/25/2015 12:00:00 AM
Vegetables,Matoke,102.0,25202.0,03/25/2015 12:00:00 AM
Vegetables,Mixed vegetables,2824292.4,717718712.0,03/25/2015 12:00:00 AM
Vegetables,Okra,2610.0,842697.0,03/25/2015 12:00:00 AM
Vegetables,Patra/arrow root leaves,2070.0,594442.0,03/25/2015 12:00:00 AM
Vegetables,Runner beans,24122.7,7166207.0,03/25/2015 12:00:00 AM
Vegetables,Serenade,566.0,340579.0,03/25/2015 12:00:00 AM
Vegetables,Snap peas,81955.69,47781444.0,03/25/2015 12:00:00 AM
Vegetables,Snow/mangetout,190727.46,60853618.0,03/25/2015 12:00:00 AM
Vegetables,Turnips,189.0,90247.0,03/25/2015 12:00:00 AM
Vegetables,Valore,60.0,20668.0,03/25/2015 12:00:00 AM
Vegetables,Bean processed,360840.0,48746191.0,03/25/2015 12:00:00 AM
Vegetables,Herbs,84357.82,43240589.0,03/25/2015 12:00:00 AM
Cut-flowers,Anthurium leaves,893.71,245605.0,04/25/2015 12:00:00 AM
Cut-flowers,Cut foliage,3281.63,1225144.0,04/25/2015 12:00:00 AM
Cut-flowers,Fillers,1509.87,1325108.0,04/25/2015 12:00:00 AM
Cut-flowers,Leather leaves/fern,1417.94,671538.0,04/25/2015 12:00:00 AM
Cut-flowers,Ranunculus,70.0,28924.0,04/25/2015 12:00:00 AM
Cut-flowers,Agapanthus,3285.12,999955.0,04/25/2015 12:00:00 AM
Cut-flowers,Alstroemeria,84869.23,40030186.0,04/25/2015 12:00:00 AM
Cut-flowers,Amaranthus,437.15,183857.0,04/25/2015 12:00:00 AM
Cut-flowers,Ammi,15486.14,6090309.0,04/25/2015 12:00:00 AM
Cut-flowers,Anthurium,7530.26,2322071.0,04/25/2015 12:00:00 AM
Cut-flowers,Arabicum / saundersiea,12570.43,2921925.0,04/25/2015 12:00:00 AM
Cut-flowers,Asclepias,46.2,7265.0,04/25/2015 12:00:00 AM
Cut-flowers,Assorted/bouquet,2256.18,1424228.0,04/25/2015 12:00:00 AM
Cut-flowers,Asters,1.67,357.0,04/25/2015 12:00:00 AM
Cut-flowers,Astrantia,3285.15,1380681.0,04/25/2015 12:00:00 AM
Cut-flowers,Bougainvillea,729.08,467513.0,04/25/2015 12:00:00 AM
Cut-flowers,Bouvadia,6406.74,3816221.0,04/25/2015 12:00:00 AM
Cut-flowers,Brodiaea,72.19,44409.0,04/25/2015 12:00:00 AM
Cut-flowers,Bupleurum,1317.84,1010015.0,04/25/2015 12:00:00 AM
Cut-flowers,Calla lillies,29856.52,45334128.0,04/25/2015 12:00:00 AM
Cut-flowers,Carnation / dianthus,216207.25,86503014.0,04/25/2015 12:00:00 AM
Cut-flowers,Chrysanthemums,9969.15,2709458.0,04/25/2015 12:00:00 AM
Cut-flowers,Craspedia,6322.78,1637204.0,04/25/2015 12:00:00 AM
Cut-flowers,Crocosmia / montbretia,3752.32,1672693.0,04/25/2015 12:00:00 AM
Cut-flowers,Delphinium,4061.44,2742125.0,04/25/2015 12:00:00 AM
Cut-flowers,Eryngium,7768.38,3752759.0,04/25/2015 12:00:00 AM
Cut-flowers,Eucalyptus,1051.71,325965.0,04/25/2015 12:00:00 AM
Cut-flowers,Euphorbia,198.66,52219.0,04/25/2015 12:00:00 AM
Cut-flowers,Fennel/feoniculum,9.5,1663.0,04/25/2015 12:00:00 AM
Cut-flowers,Freesia,1824.79,916847.0,04/25/2015 12:00:00 AM
Cut-flowers,Gladiolus,10.0,1857.0,04/25/2015 12:00:00 AM
Cut-flowers,Grass,556.88,277552.0,04/25/2015 12:00:00 AM
Cut-flowers,Gypsophilla / million stars,186490.28,55487387.0,04/25/2015 12:00:00 AM
Cut-flowers,Helianthus/sunflower,7275.59,2187680.0,04/25/2015 12:00:00 AM
Cut-flowers,Hypericum,86520.61,39151959.0,04/25/2015 12:00:00 AM
Cut-flowers,Kangaroo paw,1506.09,241624.0,04/25/2015 12:00:00 AM
Cut-flowers,Lavender,130.18,23719.0,04/25/2015 12:00:00 AM
Cut-flowers,Liatris,624.0,84286.0,04/25/2015 12:00:00 AM
Cut-flowers,Lilies/longiflora,29657.56,17001837.0,04/25/2015 12:00:00 AM
Cut-flowers,Lisianthus/eustoma,98.37,111334.0,04/25/2015 12:00:00 AM
Cut-flowers,Mathiola,28522.85,15065939.0,04/25/2015 12:00:00 AM
Cut-flowers,Mixed flowers,179417.0,80947599.0,04/25/2015 12:00:00 AM
Cut-flowers,Mobbydick,1885.37,430416.0,04/25/2015 12:00:00 AM
Cut-flowers,Ornithogulum,19067.96,8603042.0,04/25/2015 12:00:00 AM
Cut-flowers,Phlox,3440.44,1211005.0,04/25/2015 12:00:00 AM
Cut-flowers,Rosemary,1856.79,524894.0,04/25/2015 12:00:00 AM
Cut-flowers,Roses,9545018.83,3502295002.0,04/25/2015 12:00:00 AM
Cut-flowers,Rudbeckia,307.08,81733.0,04/25/2015 12:00:00 AM
Cut-flowers,Ruscus/flower cabbage,3461.45,1553083.0,04/25/2015 12:00:00 AM
Cut-flowers,Scabiosa,2356.21,548032.0,04/25/2015 12:00:00 AM
Cut-flowers,Setaria,6.47,3599.0,04/25/2015 12:00:00 AM
Cut-flowers,Solidago,90537.47,37139334.0,04/25/2015 12:00:00 AM
Cut-flowers,Statice/limonium,74986.13,23970139.0,04/25/2015 12:00:00 AM
Cut-flowers,Strelitzia/birds of paradise,216.8,81283.0,04/25/2015 12:00:00 AM
Cut-flowers,Tuberose,2531.69,709511.0,04/25/2015 12:00:00 AM
Cut-flowers,Veronica,58328.45,17001541.0,04/25/2015 12:00:00 AM
Cut-flowers,Hydrangea,23456.34,11588268.0,04/25/2015 12:00:00 AM
Cut-flowers,Carnation cuttings,13452.0,4814643.0,04/25/2015 12:00:00 AM
Cut-flowers,Cuttings,85434.27,272541229.0,04/25/2015 12:00:00 AM
Cut-flowers,Geranium cuttings,84.0,179722.0,04/25/2015 12:00:00 AM
Fruits,Apple,19.0,1071.0,04/25/2015 12:00:00 AM
Fruits,Avocado,3512794.1,356620082.0,04/25/2015 12:00:00 AM
Fruits,Banana,143.0,31575.0,04/25/2015 12:00:00 AM
Fruits,Custard apple / sour sop,31395.0,5645889.0,04/25/2015 12:00:00 AM
Fruits,Lemon,373.0,259127.0,04/25/2015 12:00:00 AM
Fruits,Passion,38700.12,9300567.0,04/25/2015 12:00:00 AM
Fruits,Pawpaw,25.0,6817.0,04/25/2015 12:00:00 AM
Fruits,Pineapple,722.0,76324.0,04/25/2015 12:00:00 AM
Fruits,Raspberries/blisses,2592.0,2020426.0,04/25/2015 12:00:00 AM
Fruits,Mango,95541.1,14908278.0,04/25/2015 12:00:00 AM
Fruits,Macadamia,168262.6,159286424.0,04/25/2015 12:00:00 AM
Vegetables,Aloe vera,80.0,98568.0,04/25/2015 12:00:00 AM
Vegetables,Pepper mint,949.99,336484.0,04/25/2015 12:00:00 AM
Vegetables,Tarragon,12.0,6402.0,04/25/2015 12:00:00 AM
Vegetables,Basil,22509.72,9221628.0,04/25/2015 12:00:00 AM
Vegetables,Chillies,144357.1,39626944.0,04/25/2015 12:00:00 AM
Vegetables,Chives,6523.82,2601844.0,04/25/2015 12:00:00 AM
Vegetables,Coriander/dhania,619.35,189290.0,04/25/2015 12:00:00 AM
Vegetables,Curry leaves/limdi,250.0,21529.0,04/25/2015 12:00:00 AM
Vegetables,Dill,2642.63,662103.0,04/25/2015 12:00:00 AM
Vegetables,Leeks,58.8,38804.0,04/25/2015 12:00:00 AM
Vegetables,Onions,4697.2,1956279.0,04/25/2015 12:00:00 AM
Vegetables,Parsley,282.05,65704.0,04/25/2015 12:00:00 AM
Vegetables,Rosemary,586.43,203007.0,04/25/2015 12:00:00 AM
Vegetables,Thyme,1389.38,377358.0,04/25/2015 12:00:00 AM
Vegetables,Aubergines,116422.4,23326447.0,04/25/2015 12:00:00 AM
Vegetables,Baby corn,5989.86,2083852.0,04/25/2015 12:00:00 AM
Vegetables,Fine beans,1789573.42,399694810.0,04/25/2015 12:00:00 AM
Vegetables,Beetroot,102.06,72660.0,04/25/2015 12:00:00 AM
Vegetables,Broccoli,85218.3,39778693.0,04/25/2015 12:00:00 AM
Vegetables,Butter nuts,15.0,32.0,04/25/2015 12:00:00 AM
Vegetables,Cabbage,20.0,91.0,04/25/2015 12:00:00 AM
Vegetables,Carrots,855.32,319164.0,04/25/2015 12:00:00 AM
Vegetables,Courgettes/zucchine,905.22,227902.0,04/25/2015 12:00:00 AM
Vegetables,Cucumber,10.0,50.0,04/25/2015 12:00:00 AM
Vegetables,Dudhi,2263.0,649345.0,04/25/2015 12:00:00 AM
Vegetables,Garden peas,7005.2,2645532.0,04/25/2015 12:00:00 AM
Vegetables,Gunda,845.0,172950.0,04/25/2015 12:00:00 AM
Vegetables,Karella,11285.5,3316584.0,04/25/2015 12:00:00 AM
Vegetables,Matoke,874.0,187686.0,04/25/2015 12:00:00 AM
Vegetables,Mixed vegetables,3565356.17,633365327.0,04/25/2015 12:00:00 AM
Vegetables,Okra,21017.25,4187898.0,04/25/2015 12:00:00 AM
Vegetables,Patra/arrow root leaves,1612.0,568511.0,04/25/2015 12:00:00 AM
Vegetables,Runner beans,48257.64,18683855.0,04/25/2015 12:00:00 AM
Vegetables,Serenade,1350.0,794412.0,04/25/2015 12:00:00 AM
Vegetables,Snap peas,48203.15,16369222.0,04/25/2015 12:00:00 AM
Vegetables,Snow/mangetout,134523.86,54629527.0,04/25/2015 12:00:00 AM
Vegetables,Tindori/ivy guard,38.7,19376.0,04/25/2015 12:00:00 AM
Vegetables,Tomato,10.0,46.0,04/25/2015 12:00:00 AM
Vegetables,Turia,216.2,39111.0,04/25/2015 12:00:00 AM
Vegetables,Turnips,137.8,39781.0,04/25/2015 12:00:00 AM
Vegetables,Valore,155.0,48275.0,04/25/2015 12:00:00 AM
Vegetables,Bean processed,588917.0,82253200.0,04/25/2015 12:00:00 AM
Vegetables,Herbs,69856.22,32569671.0,04/25/2015 12:00:00 AM
Cut-flowers,Anthurium leaves,28.97,3571.0,05/25/2015 12:00:00 AM
Cut-flowers,Cut foliage,4256.69,1548550.0,05/25/2015 12:00:00 AM
Cut-flowers,Fillers,147.04,68545.0,05/25/2015 12:00:00 AM
Cut-flowers,Leather leaves/fern,376.13,145252.0,05/25/2015 12:00:00 AM
Cut-flowers,Ranunculus,100.0,41321.0,05/25/2015 12:00:00 AM
Cut-flowers,Dried rose,16.0,74468.0,05/25/2015 12:00:00 AM
Cut-flowers,Agapanthus,4411.77,1173573.0,05/25/2015 12:00:00 AM
Cut-flowers,Alstroemeria,73943.41,28156674.0,05/25/2015 12:00:00 AM
Cut-flowers,Amaranthus,76.59,110535.0,05/25/2015 12:00:00 AM
Cut-flowers,Ammi,5152.55,2538003.0,05/25/2015 12:00:00 AM
Cut-flowers,Anthurium,1427.02,282274.0,05/25/2015 12:00:00 AM
Cut-flowers,Arabicum / saundersiea,9285.92,2407720.0,05/25/2015 12:00:00 AM
Cut-flowers,Asclepias,16.5,2543.0,05/25/2015 12:00:00 AM
Cut-flowers,Asparagus fern,7.44,2270.0,05/25/2015 12:00:00 AM
Cut-flowers,Assorted/bouquet,378.07,108579.0,05/25/2015 12:00:00 AM
Cut-flowers,Astrantia,7856.62,5878429.0,05/25/2015 12:00:00 AM
Cut-flowers,Bougainvillea,1563.53,715589.0,05/25/2015 12:00:00 AM
Cut-flowers,Bouvadia,6174.14,3699108.0,05/25/2015 12:00:00 AM
Cut-flowers,Bupleurum,2274.16,1609686.0,05/25/2015 12:00:00 AM
Cut-flowers,Calla lillies,28760.46,41249194.0,05/25/2015 12:00:00 AM
Cut-flowers,Carnation / dianthus,276264.13,104119340.0,05/25/2015 12:00:00 AM
Cut-flowers,Chrysanthemums,8872.5,3524040.0,05/25/2015 12:00:00 AM
Cut-flowers,Craspedia,4855.45,1386139.0,05/25/2015 12:00:00 AM
Cut-flowers,Crocosmia / montbretia,3668.5,1502753.0,05/25/2015 12:00:00 AM
Cut-flowers,Delphinium,1947.25,1192887.0,05/25/2015 12:00:00 AM
Cut-flowers,Eryngium,9753.11,5621824.0,05/25/2015 12:00:00 AM
Cut-flowers,Eucalyptus,438.23,127873.0,05/25/2015 12:00:00 AM
Cut-flowers,Euphorbia,150.74,36779.0,05/25/2015 12:00:00 AM
Cut-flowers,Freesia,1180.07,614551.0,05/25/2015 12:00:00 AM
Cut-flowers,Gladiolus,3.95,1714.0,05/25/2015 12:00:00 AM
Cut-flowers,Grass,543.37,1384352.0,05/25/2015 12:00:00 AM
Fruits,Pawpaw,10.0,2727.0,05/25/2015 12:00:00 AM
Cut-flowers,Gypsophilla / million stars,150637.15,47671360.0,05/25/2015 12:00:00 AM
Cut-flowers,Helianthus/sunflower,3536.59,829580.0,05/25/2015 12:00:00 AM
Cut-flowers,Hypericum,100914.5,51701461.0,05/25/2015 12:00:00 AM
Cut-flowers,Kangaroo paw,1544.22,262113.0,05/25/2015 12:00:00 AM
Cut-flowers,Lavender,139.89,38590.0,05/25/2015 12:00:00 AM
Cut-flowers,Lilies/longiflora,28208.05,15492768.0,05/25/2015 12:00:00 AM
Cut-flowers,Lisianthus/eustoma,141.68,148482.0,05/25/2015 12:00:00 AM
Cut-flowers,Mathiola,13952.82,7790220.0,05/25/2015 12:00:00 AM
Cut-flowers,Mixed flowers,242764.03,120510340.0,05/25/2015 12:00:00 AM
Cut-flowers,Mobbydick,1161.14,261089.0,05/25/2015 12:00:00 AM
Cut-flowers,Molucella,492.8,148709.0,05/25/2015 12:00:00 AM
Cut-flowers,Ornithogulum,13908.99,5656378.0,05/25/2015 12:00:00 AM
Cut-flowers,Phlox,4006.53,1883735.0,05/25/2015 12:00:00 AM
Cut-flowers,Rosemary,1911.86,812340.0,05/25/2015 12:00:00 AM
Cut-flowers,Roses,9510998.39,3531459457.0,05/25/2015 12:00:00 AM
Cut-flowers,Rudbeckia,423.17,99895.0,05/25/2015 12:00:00 AM
Cut-flowers,Ruscus/flower cabbage,3813.76,2333757.0,05/25/2015 12:00:00 AM
Cut-flowers,Scabiosa,1910.62,449399.0,05/25/2015 12:00:00 AM
Cut-flowers,Solidago,92109.65,39788965.0,05/25/2015 12:00:00 AM
Cut-flowers,Statice/limonium,68203.01,25008505.0,05/25/2015 12:00:00 AM
Cut-flowers,Strelitzia/birds of paradise,311.76,87836.0,05/25/2015 12:00:00 AM
Cut-flowers,Tuberose,2278.95,526384.0,05/25/2015 12:00:00 AM
Cut-flowers,Veronica,59719.64,18444672.0,05/25/2015 12:00:00 AM
Cut-flowers,Hydrangea,8303.7,4928731.0,05/25/2015 12:00:00 AM
Cut-flowers,Carnation cuttings,6.5,3025.0,05/25/2015 12:00:00 AM
Cut-flowers,Chrysanthemums cuttings,2527.07,128035889.0,05/25/2015 12:00:00 AM
Cut-flowers,Cuttings,80102.33,218040101.0,05/25/2015 12:00:00 AM
Cut-flowers,Geranium cuttings,5.86,31252.0,05/25/2015 12:00:00 AM
Cut-flowers,Osteospermum cuttings,12.0,22887.0,05/25/2015 12:00:00 AM
Cut-flowers,Pelargonium cuttings,18.0,23600.0,05/25/2015 12:00:00 AM
Cut-flowers,Rose cuttings,130.0,60874.0,05/25/2015 12:00:00 AM
Fruits,Apple,2010.0,355628.0,05/25/2015 12:00:00 AM
Fruits,Avocado,3497654.33,400999603.0,05/25/2015 12:00:00 AM
Fruits,Banana,144.0,57899.0,05/25/2015 12:00:00 AM
Fruits,Custard apple / sour sop,13561.0,2226493.0,05/25/2015 12:00:00 AM
Fruits,Lemon,889.0,534084.0,05/25/2015 12:00:00 AM
Fruits,Passion,37533.84,9684962.0,05/25/2015 12:00:00 AM
Fruits,Pineapple,216.0,1960.0,05/25/2015 12:00:00 AM
Fruits,Raspberries/blisses,5512.0,5533502.0,05/25/2015 12:00:00 AM
Fruits,Mango,109792.48,16844344.0,05/25/2015 12:00:00 AM
Vegetables,Pepper mint,1614.48,779076.0,05/25/2015 12:00:00 AM
Vegetables,Tarragon,3.0,1905.0,05/25/2015 12:00:00 AM
Vegetables,Chillies dried,680.0,146762.0,05/25/2015 12:00:00 AM
Vegetables,Basil,10692.2,3903408.0,05/25/2015 12:00:00 AM
Vegetables,Chillies,110564.28,34639231.0,05/25/2015 12:00:00 AM
Vegetables,Chives,5285.95,2197364.0,05/25/2015 12:00:00 AM
Vegetables,Coriander/dhania,1575.78,427958.0,05/25/2015 12:00:00 AM
Vegetables,Curry leaves/limdi,250.0,21529.0,05/25/2015 12:00:00 AM
Vegetables,Dill,495.62,187736.0,05/25/2015 12:00:00 AM
Vegetables,Leeks,108.24,73366.0,05/25/2015 12:00:00 AM
Vegetables,Onions,3060.98,1267378.0,05/25/2015 12:00:00 AM
Vegetables,Parsley,428.37,190831.0,05/25/2015 12:00:00 AM
Vegetables,Rosemary,370.08,120118.0,05/25/2015 12:00:00 AM
Vegetables,Thyme,937.24,409000.0,05/25/2015 12:00:00 AM
Vegetables,Asparagus,100.0,36599.0,05/25/2015 12:00:00 AM
Vegetables,Aubergines,92496.24,20071975.0,05/25/2015 12:00:00 AM
Vegetables,Baby corn,6774.72,2403175.0,05/25/2015 12:00:00 AM
Vegetables,Fine beans,1909563.03,521513082.0,05/25/2015 12:00:00 AM
Vegetables,Beetroot,102.06,72659.0,05/25/2015 12:00:00 AM
Vegetables,Broccoli,51633.59,19663393.0,05/25/2015 12:00:00 AM
Vegetables,Butter nuts,23.0,7715.0,05/25/2015 12:00:00 AM
Vegetables,Carrots,2109.54,677016.0,05/25/2015 12:00:00 AM
Vegetables,Courgettes/zucchine,2741.68,203190.0,05/25/2015 12:00:00 AM
Vegetables,Dudhi,2047.0,652698.0,05/25/2015 12:00:00 AM
Vegetables,Garden peas,4515.8,2334011.0,05/25/2015 12:00:00 AM
Vegetables,Gunda,758.7,148863.0,05/25/2015 12:00:00 AM
Vegetables,Karella,9613.78,2944160.0,05/25/2015 12:00:00 AM
Vegetables,Matoke,823.0,249372.0,05/25/2015 12:00:00 AM
Vegetables,Mixed vegetables,2121144.33,691939080.0,05/25/2015 12:00:00 AM
Vegetables,Okra,8021.94,2307990.0,05/25/2015 12:00:00 AM
Vegetables,Patra/arrow root leaves,1478.14,477612.0,05/25/2015 12:00:00 AM
Vegetables,Runner beans,39065.1,12527396.0,05/25/2015 12:00:00 AM
Vegetables,Snap peas,36878.23,14335768.0,05/25/2015 12:00:00 AM
Vegetables,Snow/mangetout,140549.71,62979827.0,05/25/2015 12:00:00 AM
Vegetables,Spinach/palak,28.0,21423.0,05/25/2015 12:00:00 AM
Vegetables,Sugar cane,30.0,10501.0,05/25/2015 12:00:00 AM
Vegetables,Turia,271.0,76534.0,05/25/2015 12:00:00 AM
Vegetables,Turnips,85.68,51726.0,05/25/2015 12:00:00 AM
Vegetables,Valore,295.0,85183.0,05/25/2015 12:00:00 AM
Vegetables,Bean processed,13660.0,2061961.0,05/25/2015 12:00:00 AM
Vegetables,Herbs,63479.67,29374972.0,05/25/2015 12:00:00 AM
Cut-flowers,Anthurium leaves,208.0,31945.0,06/25/2015 12:00:00 AM
Cut-flowers,Cut foliage,3588.86,1039757.0,06/25/2015 12:00:00 AM
Cut-flowers,Fillers,49.23,35023.0,06/25/2015 12:00:00 AM
Cut-flowers,Leather leaves/fern,36.23,5659.0,06/25/2015 12:00:00 AM
Cut-flowers,Ranunculus,0.98,522.0,06/25/2015 12:00:00 AM
Cut-flowers,Agapanthus,1835.28,396279.0,06/25/2015 12:00:00 AM
Cut-flowers,Alstroemeria,57775.21,29867585.0,06/25/2015 12:00:00 AM
Cut-flowers,Amaranthus,217.73,22584.0,06/25/2015 12:00:00 AM
Cut-flowers,Ammi,3125.81,1361242.0,06/25/2015 12:00:00 AM
Cut-flowers,Anthurium,111.62,20888.0,06/25/2015 12:00:00 AM
Cut-flowers,Arabicum / saundersiea,2447.62,483477.0,06/25/2015 12:00:00 AM
Cut-flowers,Asclepias,15.5,2089.0,06/25/2015 12:00:00 AM
Cut-flowers,Asparagus fern,88.26,15863.0,06/25/2015 12:00:00 AM
Cut-flowers,Assorted/bouquet,594.64,373655.0,06/25/2015 12:00:00 AM
Cut-flowers,Asters,2.63,2402.0,06/25/2015 12:00:00 AM
Cut-flowers,Astrantia,5024.54,2133094.0,06/25/2015 12:00:00 AM
Cut-flowers,Bougainvillea,1015.05,580551.0,06/25/2015 12:00:00 AM
Cut-flowers,Bouvadia,4367.59,2050782.0,06/25/2015 12:00:00 AM
Cut-flowers,Brodiaea,42.31,10217.0,06/25/2015 12:00:00 AM
Cut-flowers,Bupleurum,4593.11,2420633.0,06/25/2015 12:00:00 AM
Cut-flowers,Calla lillies,13624.32,16491120.0,06/25/2015 12:00:00 AM
Cut-flowers,Carnation / dianthus,165463.7,137816679.0,06/25/2015 12:00:00 AM
Cut-flowers,Chrysanthemums,9286.54,3302054.0,06/25/2015 12:00:00 AM
Cut-flowers,Craspedia,4396.15,1010166.0,06/25/2015 12:00:00 AM
Cut-flowers,Crocosmia / montbretia,705.36,158926.0,06/25/2015 12:00:00 AM
Cut-flowers,Delphinium,1832.59,766878.0,06/25/2015 12:00:00 AM
Cut-flowers,Eryngium,13655.87,5106528.0,06/25/2015 12:00:00 AM
Cut-flowers,Eucalyptus,953.77,353800.0,06/25/2015 12:00:00 AM
Cut-flowers,Euphorbia,2246.0,2866431.0,06/25/2015 12:00:00 AM
Cut-flowers,Fennel/feoniculum,7.23,993.0,06/25/2015 12:00:00 AM
Cut-flowers,Freesia,349.06,170685.0,06/25/2015 12:00:00 AM
Cut-flowers,Gladiolus,18.57,13850.0,06/25/2015 12:00:00 AM
Cut-flowers,Grass,1181.24,1099991.0,06/25/2015 12:00:00 AM
Cut-flowers,Gypsophilla / million stars,76487.91,25163768.0,06/25/2015 12:00:00 AM
Cut-flowers,Heliconia,3.42,536.0,06/25/2015 12:00:00 AM
Cut-flowers,Helianthus/sunflower,1595.31,565760.0,06/25/2015 12:00:00 AM
Cut-flowers,Hypericum,83635.57,34798642.0,06/25/2015 12:00:00 AM
Cut-flowers,Kangaroo paw,3025.0,1263770.0,06/25/2015 12:00:00 AM
Cut-flowers,Lavender,221.68,36261.0,06/25/2015 12:00:00 AM
Cut-flowers,Lilies/longiflora,18887.26,11222382.0,06/25/2015 12:00:00 AM
Cut-flowers,Mathiola,19093.14,10647808.0,06/25/2015 12:00:00 AM
Cut-flowers,Mixed flowers,193838.51,111306761.0,06/25/2015 12:00:00 AM
Cut-flowers,Mobbydick,14.69,4107.0,06/25/2015 12:00:00 AM
Cut-flowers,Molucella,7.37,3406.0,06/25/2015 12:00:00 AM
Cut-flowers,Ornithogulum,7162.0,2944265.0,06/25/2015 12:00:00 AM
Cut-flowers,Phlox,1911.11,1472838.0,06/25/2015 12:00:00 AM
Cut-flowers,Rosemary,1673.19,729902.0,06/25/2015 12:00:00 AM
Cut-flowers,Roses,6709416.07,2296263903.0,06/25/2015 12:00:00 AM
Cut-flowers,Ruscus/flower cabbage,3321.68,1753870.0,06/25/2015 12:00:00 AM
Cut-flowers,Scabiosa,16.19,713.0,06/25/2015 12:00:00 AM
Cut-flowers,Solidago,85195.21,38191398.0,06/25/2015 12:00:00 AM
Cut-flowers,Statice/limonium,44025.55,14085514.0,06/25/2015 12:00:00 AM
Cut-flowers,Strelitzia/birds of paradise,353.12,119960.0,06/25/2015 12:00:00 AM
Cut-flowers,Tuberose,94.38,40186.0,06/25/2015 12:00:00 AM
Cut-flowers,Veronica,22873.79,8634733.0,06/25/2015 12:00:00 AM
Cut-flowers,Hydrangea,5659.11,2665008.0,06/25/2015 12:00:00 AM
Cut-flowers,Chrysanthemums cuttings,1311.29,932908.0,06/25/2015 12:00:00 AM
Cut-flowers,Cuttings,69472.41,471479898.0,06/25/2015 12:00:00 AM
Cut-flowers,Osteospermum cuttings,6.0,15905.0,06/25/2015 12:00:00 AM
Fruits,Avocado,4418373.4,523204624.0,06/25/2015 12:00:00 AM
Fruits,Banana,64.0,27850.0,06/25/2015 12:00:00 AM
Fruits,Custard apple / sour sop,969.0,187410.0,06/25/2015 12:00:00 AM
Fruits,Lemon,615.8,399689.0,06/25/2015 12:00:00 AM
Fruits,Passion,19073.0,6784818.0,06/25/2015 12:00:00 AM
Fruits,Pineapple,970.0,54669.0,06/25/2015 12:00:00 AM
Fruits,Raspberries/blisses,10886.5,9231842.0,06/25/2015 12:00:00 AM
Fruits,Mango,111960.8,17625952.0,06/25/2015 12:00:00 AM
Vegetables,Aloe vera,40.0,49727.0,06/25/2015 12:00:00 AM
Vegetables,Pepper mint,2480.46,1046750.0,06/25/2015 12:00:00 AM
Vegetables,Tarragon,39.0,35218.0,06/25/2015 12:00:00 AM
Vegetables,Basil,7857.44,2703638.0,06/25/2015 12:00:00 AM
Vegetables,Chillies,80353.8,25317868.0,06/25/2015 12:00:00 AM
Vegetables,Chives,4756.23,2017069.0,06/25/2015 12:00:00 AM
Vegetables,Coriander/dhania,653.0,243497.0,06/25/2015 12:00:00 AM
Vegetables,Dill,433.82,100137.0,06/25/2015 12:00:00 AM
Vegetables,Leeks,29.16,18732.0,06/25/2015 12:00:00 AM
Vegetables,Onions,1986.6,776579.0,06/25/2015 12:00:00 AM
Vegetables,Parsley,170.25,47965.0,06/25/2015 12:00:00 AM
Vegetables,Rosemary,573.67,223427.0,06/25/2015 12:00:00 AM
Vegetables,Thyme,4320.0,1735303.0,06/25/2015 12:00:00 AM
Vegetables,Aubergines,64370.0,15040185.0,06/25/2015 12:00:00 AM
Vegetables,Baby corn,9819.32,3200676.0,06/25/2015 12:00:00 AM
Vegetables,Fine beans,1559413.79,381436864.0,06/25/2015 12:00:00 AM
Vegetables,Beetroot,50.4,35881.0,06/25/2015 12:00:00 AM
Vegetables,Broccoli,56669.61,24699106.0,06/25/2015 12:00:00 AM
Vegetables,Carrots,67.46,30858.0,06/25/2015 12:00:00 AM
Vegetables,Courgettes/zucchine,638.0,498981.0,06/25/2015 12:00:00 AM
Vegetables,Dudhi,1058.0,568899.0,06/25/2015 12:00:00 AM
Vegetables,Garden peas,11033.0,6780677.0,06/25/2015 12:00:00 AM
Vegetables,Gunda,180.0,49065.0,06/25/2015 12:00:00 AM
Vegetables,Karella,3749.0,1146824.0,06/25/2015 12:00:00 AM
Vegetables,Matoke,214.5,70921.0,06/25/2015 12:00:00 AM
Vegetables,Mixed vegetables,1764098.4,616169759.0,06/25/2015 12:00:00 AM
Vegetables,Okra,1242.0,364158.0,06/25/2015 12:00:00 AM
Vegetables,Patra/arrow root leaves,800.0,282096.0,06/25/2015 12:00:00 AM
Vegetables,Runner beans,73584.36,26361464.0,06/25/2015 12:00:00 AM
Vegetables,Snap peas,92923.76,42904783.0,06/25/2015 12:00:00 AM
Vegetables,Snow/mangetout,202589.97,72068896.0,06/25/2015 12:00:00 AM
Vegetables,Spinach/palak,3.6,3214.0,06/25/2015 12:00:00 AM
Vegetables,Sugar cane,30.0,7833.0,06/25/2015 12:00:00 AM
Vegetables,Turnips,180.64,52076.0,06/25/2015 12:00:00 AM
Vegetables,Valore,156.0,47585.0,06/25/2015 12:00:00 AM
Vegetables,Bean processed,714495.0,95818989.0,06/25/2015 12:00:00 AM
Vegetables,Herbs,32003.31,15920735.0,06/25/2015 12:00:00 AM
Cut-flowers,Anthurium leaves,5.6,1135.0,07/25/2015 12:00:00 AM
Cut-flowers,Cut foliage,1624.77,606629.0,07/25/2015 12:00:00 AM
Cut-flowers,Fillers,69.35,45702.0,07/25/2015 12:00:00 AM
Cut-flowers,Leather leaves/fern,420.71,135763.0,07/25/2015 12:00:00 AM
Cut-flowers,Agapanthus,689.12,261631.0,07/25/2015 12:00:00 AM
Cut-flowers,Alstroemeria,69689.57,31401630.0,07/25/2015 12:00:00 AM
Cut-flowers,Amaranthus,119.59,17085.0,07/25/2015 12:00:00 AM
Cut-flowers,Ammi,4226.47,1169853.0,07/25/2015 12:00:00 AM
Cut-flowers,Anigozanthos,13.23,6811.0,07/25/2015 12:00:00 AM
Cut-flowers,Anthurium,10.0,1027.0,07/25/2015 12:00:00 AM
Cut-flowers,Arabicum / saundersiea,1424.51,292213.0,07/25/2015 12:00:00 AM
Cut-flowers,Asparagus fern,41.01,13818.0,07/25/2015 12:00:00 AM
Cut-flowers,Asters,3.0,408938.0,07/25/2015 12:00:00 AM
Cut-flowers,Astrantia,8866.82,3618049.0,07/25/2015 12:00:00 AM
Cut-flowers,Bougainvillea,80.16,55715.0,07/25/2015 12:00:00 AM
Cut-flowers,Bouvadia,4531.6,2216736.0,07/25/2015 12:00:00 AM
Cut-flowers,Brodiaea,11.0,5585.0,07/25/2015 12:00:00 AM
Cut-flowers,Bupleurum,338.57,65841.0,07/25/2015 12:00:00 AM
Cut-flowers,Calla lillies,17613.66,10519834.0,07/25/2015 12:00:00 AM
Cut-flowers,Carnation / dianthus,212036.07,85015130.0,07/25/2015 12:00:00 AM
Cut-flowers,Chrysanthemums,13755.16,5602944.0,07/25/2015 12:00:00 AM
Cut-flowers,Craspedia,5934.69,1810547.0,07/25/2015 12:00:00 AM
Cut-flowers,Crocosmia / montbretia,11.08,357.0,07/25/2015 12:00:00 AM
Cut-flowers,Delphinium,1244.09,560533.0,07/25/2015 12:00:00 AM
Cut-flowers,Eryngium,17320.73,7865002.0,07/25/2015 12:00:00 AM
Cut-flowers,Eucalyptus,503.37,159392.0,07/25/2015 12:00:00 AM
Cut-flowers,Euphorbia,5039.0,5619863.0,07/25/2015 12:00:00 AM
Cut-flowers,Fennel/feoniculum,2.57,397.0,07/25/2015 12:00:00 AM
Cut-flowers,Freesia,411.03,253424.0,07/25/2015 12:00:00 AM
Cut-flowers,Gladiolus,5.56,1214.0,07/25/2015 12:00:00 AM
Cut-flowers,Grass,325.0,251627.0,07/25/2015 12:00:00 AM
Cut-flowers,Gypsophilla / million stars,105312.77,41486424.0,07/25/2015 12:00:00 AM
Cut-flowers,Heliconia,10.27,2724.0,07/25/2015 12:00:00 AM
Cut-flowers,Helianthus/sunflower,1111.71,465341.0,07/25/2015 12:00:00 AM
Cut-flowers,Hypericum,104771.16,35665049.0,07/25/2015 12:00:00 AM
Cut-flowers,Kangaroo paw,1293.29,174806.0,07/25/2015 12:00:00 AM
Cut-flowers,Lavender,95.15,17726.0,07/25/2015 12:00:00 AM
Cut-flowers,Lilies/longiflora,16574.13,11123674.0,07/25/2015 12:00:00 AM
Cut-flowers,Lisianthus/eustoma,44.92,14505.0,07/25/2015 12:00:00 AM
Cut-flowers,Mathiola,40854.43,21121929.0,07/25/2015 12:00:00 AM
Cut-flowers,Mixed flowers,182024.56,84556906.0,07/25/2015 12:00:00 AM
Cut-flowers,Mobbydick,125.08,21796.0,07/25/2015 12:00:00 AM
Cut-flowers,Molucella,6.6,4541.0,07/25/2015 12:00:00 AM
Cut-flowers,Ornithogulum,7584.82,3124818.0,07/25/2015 12:00:00 AM
Cut-flowers,Papyrus,124.75,14712.0,07/25/2015 12:00:00 AM
Cut-flowers,Phlox,1842.67,616601.0,07/25/2015 12:00:00 AM
Cut-flowers,Rosemary,1383.27,575469.0,07/25/2015 12:00:00 AM
Cut-flowers,Roses,6879513.16,2512009009.0,07/25/2015 12:00:00 AM
Cut-flowers,Ruscus/flower cabbage,4318.31,1893997.0,07/25/2015 12:00:00 AM
Cut-flowers,Scabiosa,128.34,21795.0,07/25/2015 12:00:00 AM
Cut-flowers,Solidago,88454.03,30741397.0,07/25/2015 12:00:00 AM
Cut-flowers,Statice/limonium,42503.99,13504606.0,07/25/2015 12:00:00 AM
Cut-flowers,Strelitzia/birds of paradise,275.61,99013.0,07/25/2015 12:00:00 AM
Cut-flowers,Tuberose,3.42,931.0,07/25/2015 12:00:00 AM
Cut-flowers,Veronica,17343.75,5667906.0,07/25/2015 12:00:00 AM
Cut-flowers,Hydrangea,5232.11,3066350.0,07/25/2015 12:00:00 AM
Cut-flowers,Chrysanthemums cuttings,19.12,4285.0,07/25/2015 12:00:00 AM
Cut-flowers,Cuttings,88859.32,3437979029.0,07/25/2015 12:00:00 AM
Cut-flowers,Fuchsia cuttings,35.73,22431.0,07/25/2015 12:00:00 AM
Cut-flowers,Pelargonium cuttings,1359.27,978067.0,07/25/2015 12:00:00 AM
Fruits,Avocado,5302741.82,827501900.0,07/25/2015 12:00:00 AM
Fruits,Banana,48.0,20888.0,07/25/2015 12:00:00 AM
Fruits,Lemon,395.0,288487.0,07/25/2015 12:00:00 AM
Fruits,Passion,17763.93,5756589.0,07/25/2015 12:00:00 AM
Fruits,Pawpaw,10.0,2727.0,07/25/2015 12:00:00 AM
Fruits,Pineapple,1390.0,74928.0,07/25/2015 12:00:00 AM
Fruits,Raspberries/blisses,6787.0,6251406.0,07/25/2015 12:00:00 AM
Fruits,Mango,284999.03,42780208.0,07/25/2015 12:00:00 AM
Vegetables,Pepper mint,2000.3,619389.0,07/25/2015 12:00:00 AM
Vegetables,Tarragon,99.0,72450.0,07/25/2015 12:00:00 AM
Vegetables,Basil,20146.56,6128553.0,07/25/2015 12:00:00 AM
Vegetables,Chillies,45781.84,12839965.0,07/25/2015 12:00:00 AM
Vegetables,Chives,6218.25,2952255.0,07/25/2015 12:00:00 AM
Vegetables,Coriander/dhania,2343.2,466161.0,07/25/2015 12:00:00 AM
Vegetables,Dill,1540.0,363125.0,07/25/2015 12:00:00 AM
Vegetables,Leeks,5.4,4954.0,07/25/2015 12:00:00 AM
Vegetables,Onions,1188.0,491517.0,07/25/2015 12:00:00 AM
Vegetables,Parsley,2.0,636.0,07/25/2015 12:00:00 AM
Vegetables,Rosemary,297.11,91388.0,07/25/2015 12:00:00 AM
Vegetables,Thyme,772.0,401030.0,07/25/2015 12:00:00 AM
Vegetables,Asparagus,6.77,4825.0,07/25/2015 12:00:00 AM
Vegetables,Aubergines,57737.5,12327372.0,07/25/2015 12:00:00 AM
Vegetables,Baby corn,6969.58,2731435.0,07/25/2015 12:00:00 AM
Vegetables,Fine beans,1253153.44,323223502.0,07/25/2015 12:00:00 AM
Vegetables,Broccoli,53987.31,18684052.0,07/25/2015 12:00:00 AM
Vegetables,Butter nuts,150.0,61973.0,07/25/2015 12:00:00 AM
Vegetables,Carrots,388.38,142807.0,07/25/2015 12:00:00 AM
Vegetables,Courgettes/zucchine,178.0,60880.0,07/25/2015 12:00:00 AM
Vegetables,Dudhi,1050.0,317172.0,07/25/2015 12:00:00 AM
Vegetables,Garden peas,16715.9,6055138.0,07/25/2015 12:00:00 AM
Vegetables,Gunda,66.0,20093.0,07/25/2015 12:00:00 AM
Vegetables,Karella,1982.0,632776.0,07/25/2015 12:00:00 AM
Vegetables,Matoke,248.5,85298.0,07/25/2015 12:00:00 AM
Vegetables,Mixed vegetables,1645846.3,732211526.0,07/25/2015 12:00:00 AM
Vegetables,Okra,862.0,246854.0,07/25/2015 12:00:00 AM
Vegetables,Patra/arrow root leaves,552.0,218230.0,07/25/2015 12:00:00 AM
Vegetables,Runner beans,10261.91,3954579.0,07/25/2015 12:00:00 AM
Vegetables,Serenade,42.0,13061.0,07/25/2015 12:00:00 AM
Vegetables,Snap peas,93086.21,37032150.0,07/25/2015 12:00:00 AM
Vegetables,Snow/mangetout,212342.85,68012328.0,07/25/2015 12:00:00 AM
Vegetables,Spinach/palak,3.6,3214.0,07/25/2015 12:00:00 AM
Vegetables,Sugar cane,100.0,25542.0,07/25/2015 12:00:00 AM
Vegetables,Turia,135.0,12051.0,07/25/2015 12:00:00 AM
Vegetables,Turnips,50.0,1696.0,07/25/2015 12:00:00 AM
Vegetables,Valore,725.0,255388.0,07/25/2015 12:00:00 AM
Vegetables,Bean processed,291190.0,45666630.0,07/25/2015 12:00:00 AM
Vegetables,Herbs,58791.18,28757777.0,07/25/2015 12:00:00 AM
Cut-flowers,Cut foliage,1650.76,720027.0,08/25/2015 12:00:00 AM
Cut-flowers,Leather leaves/fern,46.75,28028.0,08/25/2015 12:00:00 AM
Cut-flowers,Agapanthus,737.42,386110.0,08/25/2015 12:00:00 AM
Cut-flowers,Alstroemeria,73354.7,32966299.0,08/25/2015 12:00:00 AM
Cut-flowers,Amaranthus,157.63,19197.0,08/25/2015 12:00:00 AM
Cut-flowers,Ammi,7998.58,1872475.0,08/25/2015 12:00:00 AM
Cut-flowers,Anigozanthos,160.9,43356.0,08/25/2015 12:00:00 AM
Cut-flowers,Anthurium,170.0,39538.0,08/25/2015 12:00:00 AM
Cut-flowers,Arabicum / saundersiea,5935.62,1712251.0,08/25/2015 12:00:00 AM
Cut-flowers,Asparagus fern,13.87,9652.0,08/25/2015 12:00:00 AM
Cut-flowers,Assorted/bouquet,710.0,474408.0,08/25/2015 12:00:00 AM
Cut-flowers,Astrantia,6610.09,2853562.0,08/25/2015 12:00:00 AM
Cut-flowers,Bougainvillea,86.11,72268.0,08/25/2015 12:00:00 AM
Cut-flowers,Bouvadia,2236.18,864532.0,08/25/2015 12:00:00 AM
Cut-flowers,Brodiaea,50.45,29947.0,08/25/2015 12:00:00 AM
Cut-flowers,Bupleurum,759.99,119839.0,08/25/2015 12:00:00 AM
Cut-flowers,Calla lillies,18151.53,7132443.0,08/25/2015 12:00:00 AM
Cut-flowers,Carnation / dianthus,230510.46,92260332.0,08/25/2015 12:00:00 AM
Cut-flowers,Chrysanthemums,13520.25,3819536.0,08/25/2015 12:00:00 AM
Cut-flowers,Craspedia,9072.06,3140350.0,08/25/2015 12:00:00 AM
Cut-flowers,Delphinium,716.01,262611.0,08/25/2015 12:00:00 AM
Cut-flowers,Eryngium,16618.1,8221421.0,08/25/2015 12:00:00 AM
Cut-flowers,Eucalyptus,428.42,220233.0,08/25/2015 12:00:00 AM
Cut-flowers,Euphorbia,728.56,2472823.0,08/25/2015 12:00:00 AM
Cut-flowers,Fennel/feoniculum,4.59,795.0,08/25/2015 12:00:00 AM
Cut-flowers,Freesia,1241.66,437744.0,08/25/2015 12:00:00 AM
Cut-flowers,Gladiolus,5.88,1357.0,08/25/2015 12:00:00 AM
Cut-flowers,Grass,405.47,240126.0,08/25/2015 12:00:00 AM
Cut-flowers,Gypsophilla / million stars,85661.89,44715249.0,08/25/2015 12:00:00 AM
Cut-flowers,Helianthus/sunflower,899.82,450260.0,08/25/2015 12:00:00 AM
Cut-flowers,Hypericum,101490.01,33421893.0,08/25/2015 12:00:00 AM
Cut-flowers,Kangaroo paw,2383.61,347593.0,08/25/2015 12:00:00 AM
Cut-flowers,Lavender,212.1,37359.0,08/25/2015 12:00:00 AM
Cut-flowers,Lilies/longiflora,16748.82,8426944.0,08/25/2015 12:00:00 AM
Cut-flowers,Mathiola,34345.95,19998943.0,08/25/2015 12:00:00 AM
Cut-flowers,Mixed flowers,262265.75,131217074.0,08/25/2015 12:00:00 AM
Cut-flowers,Mobbydick,863.91,363218.0,08/25/2015 12:00:00 AM
Cut-flowers,Molucella,813.19,131106.0,08/25/2015 12:00:00 AM
Cut-flowers,Orchids/cymbidium,1.03,1160.0,08/25/2015 12:00:00 AM
Cut-flowers,Ornithogulum,10236.14,3879501.0,08/25/2015 12:00:00 AM
Cut-flowers,Papyrus,32.61,4904.0,08/25/2015 12:00:00 AM
Cut-flowers,Phlox,3132.35,665792.0,08/25/2015 12:00:00 AM
Cut-flowers,Rosemary,1434.75,770690.0,08/25/2015 12:00:00 AM
Cut-flowers,Roses,7061247.46,2508429125.0,08/25/2015 12:00:00 AM
Cut-flowers,Rudbeckia,117.26,31058.0,08/25/2015 12:00:00 AM
Cut-flowers,Ruscus/flower cabbage,6477.28,1625897.0,08/25/2015 12:00:00 AM
Cut-flowers,Scabiosa,1182.21,382104.0,08/25/2015 12:00:00 AM
Cut-flowers,Solidago,79280.3,27897138.0,08/25/2015 12:00:00 AM
Cut-flowers,Statice/limonium,46313.7,15429428.0,08/25/2015 12:00:00 AM
Cut-flowers,Strelitzia/birds of paradise,162.26,24013.0,08/25/2015 12:00:00 AM
Cut-flowers,Tuberose,1589.35,748826.0,08/25/2015 12:00:00 AM
Cut-flowers,Veronica,11813.74,4138893.0,08/25/2015 12:00:00 AM
Cut-flowers,Hydrangea,2782.12,2229363.0,08/25/2015 12:00:00 AM
Cut-flowers,Chrysanthemums cuttings,2332.7,2511190.0,08/25/2015 12:00:00 AM
Cut-flowers,Cuttings,74500.83,570021667.0,08/25/2015 12:00:00 AM
Cut-flowers,Geranium cuttings,963.73,6782998.0,08/25/2015 12:00:00 AM
Cut-flowers,Osteospermum cuttings,233.68,6535449.0,08/25/2015 12:00:00 AM
Cut-flowers,Pelargonium cuttings,1717.68,2543846.0,08/25/2015 12:00:00 AM
Cut-flowers,Rose cuttings,1220.0,822643.0,08/25/2015 12:00:00 AM
Fruits,Avocado,3469374.3,563660062.0,08/25/2015 12:00:00 AM
Fruits,Banana,420.0,115535.0,08/25/2015 12:00:00 AM
Fruits,Lemon,475.0,367143.0,08/25/2015 12:00:00 AM
Fruits,Passion fruit juice,500.0,151749.0,08/25/2015 12:00:00 AM
Fruits,Passion,18762.25,4934753.0,08/25/2015 12:00:00 AM
Fruits,Pawpaw,470.0,127622.0,08/25/2015 12:00:00 AM
Fruits,Pineapple,207.8,22816.0,08/25/2015 12:00:00 AM
Fruits,Raspberries/blisses,1120.0,1948302.0,08/25/2015 12:00:00 AM
Fruits,Mango,291021.8,42166617.0,08/25/2015 12:00:00 AM
Vegetables,Pepper mint,4534.91,1418004.0,08/25/2015 12:00:00 AM
Vegetables,Basil,21364.76,9623487.0,08/25/2015 12:00:00 AM
Vegetables,Chillies,25325.34,7581435.0,08/25/2015 12:00:00 AM
Vegetables,Chives,5835.67,3032934.0,08/25/2015 12:00:00 AM
Vegetables,Coriander/dhania,2009.3,528862.0,08/25/2015 12:00:00 AM
Vegetables,Dill,1216.48,252637.0,08/25/2015 12:00:00 AM
Vegetables,Leeks,376.0,163129.0,08/25/2015 12:00:00 AM
Vegetables,Onions,1881.48,781762.0,08/25/2015 12:00:00 AM
Vegetables,Parsley,75.06,29932.0,08/25/2015 12:00:00 AM
Vegetables,Rosemary,528.64,160545.0,08/25/2015 12:00:00 AM
Vegetables,Thyme,423.31,155110.0,08/25/2015 12:00:00 AM
Vegetables,Aubergines,47808.5,11174463.0,08/25/2015 12:00:00 AM
Vegetables,Baby corn,3224.87,1234747.0,08/25/2015 12:00:00 AM
Vegetables,Fine beans,1768259.51,858853157.0,08/25/2015 12:00:00 AM
Vegetables,Broccoli,25159.02,11399022.0,08/25/2015 12:00:00 AM
Vegetables,Butter nuts,6.48,2838.0,08/25/2015 12:00:00 AM
Vegetables,Carrots,380.0,121345.0,08/25/2015 12:00:00 AM
Vegetables,Courgettes/zucchine,16.0,6089.0,08/25/2015 12:00:00 AM
Vegetables,Dudhi,1464.0,413289.0,08/25/2015 12:00:00 AM
Vegetables,Garden peas,17914.2,7687603.0,08/25/2015 12:00:00 AM
Vegetables,Karella,2515.5,789108.0,08/25/2015 12:00:00 AM
Vegetables,Matoke,454.0,128742.0,08/25/2015 12:00:00 AM
Vegetables,Mixed vegetables,1498705.35,529819431.0,08/25/2015 12:00:00 AM
Vegetables,Okra,1146.0,373172.0,08/25/2015 12:00:00 AM
Vegetables,Patra/arrow root leaves,1560.0,591849.0,08/25/2015 12:00:00 AM
Vegetables,Runner beans,7866.93,2993911.0,08/25/2015 12:00:00 AM
Vegetables,Serenade,1346.0,649883.0,08/25/2015 12:00:00 AM
Vegetables,Snap peas,62031.4,22884229.0,08/25/2015 12:00:00 AM
Vegetables,Snow/mangetout,173045.01,66081673.0,08/25/2015 12:00:00 AM
Vegetables,Sugar cane,75.0,21001.0,08/25/2015 12:00:00 AM
Vegetables,Valore,980.0,349275.0,08/25/2015 12:00:00 AM
Vegetables,Bean processed,413367.0,61076004.0,08/25/2015 12:00:00 AM
Vegetables,Snow/mangetout,1030.0,236749.0,08/25/2015 12:00:00 AM
Vegetables,Herbs,99691.86,54688172.0,08/25/2015 12:00:00 AM
Cut-flowers,Anthurium leaves,43.0,15820.0,09/25/2015 12:00:00 AM
Cut-flowers,Cut foliage,3484.06,2896656.0,09/25/2015 12:00:00 AM
Cut-flowers,Fillers,56.25,139124.0,09/25/2015 12:00:00 AM
Cut-flowers,Leather leaves/fern,442.74,112719.0,09/25/2015 12:00:00 AM
Cut-flowers,Agapanthus,12444.13,2248754.0,09/25/2015 12:00:00 AM
Cut-flowers,Alstroemeria,76263.28,33672202.0,09/25/2015 12:00:00 AM
Cut-flowers,Amaranthus,15.89,2410.0,09/25/2015 12:00:00 AM
Cut-flowers,Ammi,22257.8,7293072.0,09/25/2015 12:00:00 AM
Cut-flowers,Anigozanthos,183.67,107087.0,09/25/2015 12:00:00 AM
Cut-flowers,Anthurium,2.5,223.0,09/25/2015 12:00:00 AM
Cut-flowers,Arabicum / saundersiea,3086.96,1484528.0,09/25/2015 12:00:00 AM
Cut-flowers,Asparagus fern,13.16,2109.0,09/25/2015 12:00:00 AM
Cut-flowers,Asters,20.01,6800.0,09/25/2015 12:00:00 AM
Cut-flowers,Astrantia,8529.74,4791260.0,09/25/2015 12:00:00 AM
Cut-flowers,Bougainvillea,705.64,341823.0,09/25/2015 12:00:00 AM
Cut-flowers,Bouvadia,6970.65,2949739.0,09/25/2015 12:00:00 AM
Cut-flowers,Bupleurum,4084.72,854339.0,09/25/2015 12:00:00 AM
Cut-flowers,Calla lillies,12053.35,8008909.0,09/25/2015 12:00:00 AM
Cut-flowers,Carnation / dianthus,314869.55,121182867.0,09/25/2015 12:00:00 AM
Cut-flowers,Chrysanthemums,14728.17,3386193.0,09/25/2015 12:00:00 AM
Cut-flowers,Craspedia,10666.83,4034116.0,09/25/2015 12:00:00 AM
Cut-flowers,Crocosmia / montbretia,490.76,235341.0,09/25/2015 12:00:00 AM
Cut-flowers,Delphinium,1620.11,537254.0,09/25/2015 12:00:00 AM
Cut-flowers,Eryngium,17531.8,8339251.0,09/25/2015 12:00:00 AM
Cut-flowers,Eucalyptus,266.43,114206.0,09/25/2015 12:00:00 AM
Cut-flowers,Fennel/feoniculum,2.4,405.0,09/25/2015 12:00:00 AM
Cut-flowers,Freesia,1025.63,503450.0,09/25/2015 12:00:00 AM
Cut-flowers,Gerbera,1.23,316.0,09/25/2015 12:00:00 AM
Cut-flowers,Gladiolus,42.18,7718.0,09/25/2015 12:00:00 AM
Cut-flowers,Grass,859.1,572648.0,09/25/2015 12:00:00 AM
Fruits,Pawpaw,192.0,51580.0,09/25/2015 12:00:00 AM
Cut-flowers,Gypsophilla / million stars,100060.39,44015078.0,09/25/2015 12:00:00 AM
Cut-flowers,Helianthus/sunflower,3131.34,716942.0,09/25/2015 12:00:00 AM
Cut-flowers,Hypericum,106301.35,42635263.0,09/25/2015 12:00:00 AM
Cut-flowers,Kangaroo paw,5097.52,615128.0,09/25/2015 12:00:00 AM
Cut-flowers,Lavender,146.49,26564.0,09/25/2015 12:00:00 AM
Cut-flowers,Liatris,93.89,30796.0,09/25/2015 12:00:00 AM
Cut-flowers,Lilies/longiflora,17462.52,9336282.0,09/25/2015 12:00:00 AM
Cut-flowers,Lisianthus/eustoma,266.54,218156.0,09/25/2015 12:00:00 AM
Cut-flowers,Mathiola,17828.88,10497718.0,09/25/2015 12:00:00 AM
Cut-flowers,Mixed flowers,265421.06,381526746.0,09/25/2015 12:00:00 AM
Cut-flowers,Mobbydick,1902.37,1247293.0,09/25/2015 12:00:00 AM
Cut-flowers,Molucella,68.84,59296.0,09/25/2015 12:00:00 AM
Cut-flowers,Orchids/cymbidium,426.65,116905.0,09/25/2015 12:00:00 AM
Cut-flowers,Ornithogulum,13701.4,6736540.0,09/25/2015 12:00:00 AM
Cut-flowers,Papyrus,162.68,28048.0,09/25/2015 12:00:00 AM
Cut-flowers,Phlox,2520.11,944897.0,09/25/2015 12:00:00 AM
Cut-flowers,Rosemary,2222.56,874244.0,09/25/2015 12:00:00 AM
Cut-flowers,Roses,9217225.52,3393323056.0,09/25/2015 12:00:00 AM
Cut-flowers,Ruscus/flower cabbage,5050.29,2261328.0,09/25/2015 12:00:00 AM
Cut-flowers,Scabiosa,2980.42,1235683.0,09/25/2015 12:00:00 AM
Cut-flowers,Setaria,10.15,1785.0,09/25/2015 12:00:00 AM
Cut-flowers,Solidago,104319.96,32982806.0,09/25/2015 12:00:00 AM
Cut-flowers,Statice/limonium,67705.53,21045473.0,09/25/2015 12:00:00 AM
Cut-flowers,Strelitzia/birds of paradise,241.99,60467.0,09/25/2015 12:00:00 AM
Cut-flowers,Tuberose,1116.89,972866.0,09/25/2015 12:00:00 AM
Cut-flowers,Veronica,16679.27,5556746.0,09/25/2015 12:00:00 AM
Cut-flowers,Hydrangea,10754.41,3483825.0,09/25/2015 12:00:00 AM
Cut-flowers,Chrysanthemums cuttings,75.23,53685.0,09/25/2015 12:00:00 AM
Cut-flowers,Cuttings,59581.61,385422509.0,09/25/2015 12:00:00 AM
Cut-flowers,Fuchsia cuttings,50.0,11210.0,09/25/2015 12:00:00 AM
Cut-flowers,Geranium cuttings,1118.0,1895643.0,09/25/2015 12:00:00 AM
Cut-flowers,Osteospermum cuttings,392.0,812214.0,09/25/2015 12:00:00 AM
Cut-flowers,Pelargonium cuttings,1155.12,24984315.0,09/25/2015 12:00:00 AM
Cut-flowers,Rose cuttings,60.0,3544.0,09/25/2015 12:00:00 AM
Fruits,Avocado,2783521.66,515199820.0,09/25/2015 12:00:00 AM
Fruits,Banana,249.0,80751.0,09/25/2015 12:00:00 AM
Fruits,Lemon,216.0,153249.0,09/25/2015 12:00:00 AM
Fruits,Passion,32173.84,8006412.0,09/25/2015 12:00:00 AM
Fruits,Pineapple,2140.0,218400.0,09/25/2015 12:00:00 AM
Fruits,Strawberry,8.0,89.0,09/25/2015 12:00:00 AM
Fruits,Mango,4655128.34,100142980.0,09/25/2015 12:00:00 AM
Vegetables,Pepper mint,2766.11,1239897.0,09/25/2015 12:00:00 AM
Vegetables,Tarragon,40.0,34854.0,09/25/2015 12:00:00 AM
Vegetables,Chillies dried,2705.0,2013223.0,09/25/2015 12:00:00 AM
Vegetables,Basil,26114.07,9231751.0,09/25/2015 12:00:00 AM
Vegetables,Chillies,41990.41,12667118.0,09/25/2015 12:00:00 AM
Vegetables,Chives,9884.47,5180099.0,09/25/2015 12:00:00 AM
Vegetables,Coriander/dhania,3978.96,1802178.0,09/25/2015 12:00:00 AM
Vegetables,Dill,2127.07,489683.0,09/25/2015 12:00:00 AM
Vegetables,Leeks,1629.0,584741.0,09/25/2015 12:00:00 AM
Vegetables,Onions,2872.12,1026133.0,09/25/2015 12:00:00 AM
Vegetables,Parsley,199.56,58339.0,09/25/2015 12:00:00 AM
Vegetables,Rosemary,515.65,220291.0,09/25/2015 12:00:00 AM
Vegetables,Thyme,218.28,87773.0,09/25/2015 12:00:00 AM
Vegetables,Arrow roots(nduma),75.0,2847.0,09/25/2015 12:00:00 AM
Vegetables,Aubergines,58006.6,12377859.0,09/25/2015 12:00:00 AM
Vegetables,Baby corn,3964.38,1586992.0,09/25/2015 12:00:00 AM
Vegetables,Fine beans,3003347.17,1774714791.0,09/25/2015 12:00:00 AM
Vegetables,Beetroot,63.0,44852.0,09/25/2015 12:00:00 AM
Vegetables,Broccoli,24797.88,38369478.0,09/25/2015 12:00:00 AM
Vegetables,Carrots,1682.6,593111.0,09/25/2015 12:00:00 AM
Vegetables,Courgettes/zucchine,320.4,118826.0,09/25/2015 12:00:00 AM
Vegetables,Dudhi,1225.5,367956.0,09/25/2015 12:00:00 AM
Vegetables,Garden peas,29429.6,11591482.0,09/25/2015 12:00:00 AM
Vegetables,Karella,2405.0,784338.0,09/25/2015 12:00:00 AM
Vegetables,Matoke,150.0,27490.0,09/25/2015 12:00:00 AM
Vegetables,Mixed vegetables,2252706.37,735490544.0,09/25/2015 12:00:00 AM
Vegetables,Okra,1049.0,315057.0,09/25/2015 12:00:00 AM
Vegetables,Patra/arrow root leaves,1536.0,596736.0,09/25/2015 12:00:00 AM
Vegetables,Runner beans,2202.44,1065513.0,09/25/2015 12:00:00 AM
Vegetables,Serenade,1525.0,881654.0,09/25/2015 12:00:00 AM
Vegetables,Snap peas,84209.0,31634743.0,09/25/2015 12:00:00 AM
Vegetables,Snow/mangetout,253029.35,80590040.0,09/25/2015 12:00:00 AM
Vegetables,Spinach/palak,43.2,28536.0,09/25/2015 12:00:00 AM
Vegetables,Sugar cane,15.0,2724.0,09/25/2015 12:00:00 AM
Vegetables,Turia,165.0,51145.0,09/25/2015 12:00:00 AM
Vegetables,Turnips,63.0,38034.0,09/25/2015 12:00:00 AM
Vegetables,Valore,5.0,2012.0,09/25/2015 12:00:00 AM
Vegetables,Bean processed,1254597.46,210292071.0,09/25/2015 12:00:00 AM
Vegetables,Herbs,105109.67,49691349.0,09/25/2015 12:00:00 AM
Cut-flowers,Cut foliage,2696.19,1596219.0,10/25/2015 12:00:00 AM
Cut-flowers,Fillers,39.69,10111.0,10/25/2015 12:00:00 AM
Cut-flowers,Leather leaves/fern,389.79,156195.0,10/25/2015 12:00:00 AM
Cut-flowers,Ranunculus,15.58,4050.0,10/25/2015 12:00:00 AM
Cut-flowers,Achillea,43.57,15719.0,10/25/2015 12:00:00 AM
Cut-flowers,Agapanthus,14113.91,2840847.0,10/25/2015 12:00:00 AM
Cut-flowers,Alstroemeria,78814.97,39360240.0,10/25/2015 12:00:00 AM
Cut-flowers,Amaranthus,310.63,76565.0,10/25/2015 12:00:00 AM
Cut-flowers,Ammi,23379.06,8069446.0,10/25/2015 12:00:00 AM
Cut-flowers,Anigozanthos,157.44,106633.0,10/25/2015 12:00:00 AM
Cut-flowers,Anthurium,18.58,4746.0,10/25/2015 12:00:00 AM
Cut-flowers,Arabicum / saundersiea,4604.89,2347903.0,10/25/2015 12:00:00 AM
Cut-flowers,Asparagus fern,26.47,18703.0,10/25/2015 12:00:00 AM
Cut-flowers,Astrantia,12490.27,8747715.0,10/25/2015 12:00:00 AM
Cut-flowers,Bougainvillea,532.54,233866.0,10/25/2015 12:00:00 AM
Cut-flowers,Bouvadia,7342.79,2954400.0,10/25/2015 12:00:00 AM
Cut-flowers,Bupleurum,2078.27,606996.0,10/25/2015 12:00:00 AM
Cut-flowers,Calla lillies,17862.23,17007787.0,10/25/2015 12:00:00 AM
Cut-flowers,Carnation / dianthus,332704.41,136222644.0,10/25/2015 12:00:00 AM
Cut-flowers,Chrysanthemums,7978.2,1747391.0,10/25/2015 12:00:00 AM
Cut-flowers,Craspedia,17983.17,5706892.0,10/25/2015 12:00:00 AM
Cut-flowers,Crocosmia / montbretia,1172.96,345006.0,10/25/2015 12:00:00 AM
Cut-flowers,Delphinium,1124.43,440761.0,10/25/2015 12:00:00 AM
Cut-flowers,Eryngium,27621.03,14971298.0,10/25/2015 12:00:00 AM
Cut-flowers,Eucalyptus,813.47,448121.0,10/25/2015 12:00:00 AM
Cut-flowers,Fennel/feoniculum,7.01,1442.0,10/25/2015 12:00:00 AM
Cut-flowers,Freesia,1282.52,580470.0,10/25/2015 12:00:00 AM
Cut-flowers,Gladiolus,22.62,3047.0,10/25/2015 12:00:00 AM
Cut-flowers,Grass,1329.88,966949.0,10/25/2015 12:00:00 AM
Cut-flowers,Gypsophilla / million stars,137611.77,60315881.0,10/25/2015 12:00:00 AM
Cut-flowers,Helianthus/sunflower,6663.07,1875590.0,10/25/2015 12:00:00 AM
Cut-flowers,Hypericum,154088.72,74978754.0,10/25/2015 12:00:00 AM
Cut-flowers,Kangaroo paw,4368.12,595221.0,10/25/2015 12:00:00 AM
Cut-flowers,Lavender,384.67,77544.0,10/25/2015 12:00:00 AM
Cut-flowers,Lilies/longiflora,27543.75,20389463.0,10/25/2015 12:00:00 AM
Cut-flowers,Lisianthus/eustoma,1211.21,1175327.0,10/25/2015 12:00:00 AM
Cut-flowers,Mathiola,16353.2,10213393.0,10/25/2015 12:00:00 AM
Cut-flowers,Mixed flowers,363658.82,208467207.0,10/25/2015 12:00:00 AM
Cut-flowers,Mobbydick,1213.66,980756.0,10/25/2015 12:00:00 AM
Cut-flowers,Molucella,15.59,5958.0,10/25/2015 12:00:00 AM
Cut-flowers,Orchids/cymbidium,18.59,369.0,10/25/2015 12:00:00 AM
Cut-flowers,Ornithogulum,17525.56,7631043.0,10/25/2015 12:00:00 AM
Cut-flowers,Papyrus,25.61,5087.0,10/25/2015 12:00:00 AM
Cut-flowers,Phlox,2242.45,826489.0,10/25/2015 12:00:00 AM
Cut-flowers,Rosemary,1635.22,587265.0,10/25/2015 12:00:00 AM
Cut-flowers,Roses,9756713.37,5715510707.0,10/25/2015 12:00:00 AM
Cut-flowers,Ruscus/flower cabbage,3171.87,1348215.0,10/25/2015 12:00:00 AM
Cut-flowers,Scabiosa,3943.83,1497965.0,10/25/2015 12:00:00 AM
Cut-flowers,Solidago,79055.51,29330500.0,10/25/2015 12:00:00 AM
Cut-flowers,Statice/limonium,95219.64,29961130.0,10/25/2015 12:00:00 AM
Cut-flowers,Strelitzia/birds of paradise,238.66,35595.0,10/25/2015 12:00:00 AM
Cut-flowers,Tuberose,768.13,800799.0,10/25/2015 12:00:00 AM
Cut-flowers,Veronica,39421.08,16507019.0,10/25/2015 12:00:00 AM
Cut-flowers,Hydrangea,14209.41,5933883.0,10/25/2015 12:00:00 AM
Cut-flowers,Chrysanthemums cuttings,939.0,662691.0,10/25/2015 12:00:00 AM
Cut-flowers,Cuttings,86433.31,440323753.0,10/25/2015 12:00:00 AM
Cut-flowers,Fuchsia cuttings,14.49,10539.0,10/25/2015 12:00:00 AM
Cut-flowers,Geranium cuttings,3045.0,265013924.0,10/25/2015 12:00:00 AM
Cut-flowers,Osteospermum cuttings,112.0,245272.0,10/25/2015 12:00:00 AM
Cut-flowers,Pelargonium cuttings,2775.0,2985657.0,10/25/2015 12:00:00 AM
Fruits,Avocado,1093258.2,207805837.0,10/25/2015 12:00:00 AM
Fruits,Banana,375.5,118180.0,10/25/2015 12:00:00 AM
Fruits,Lemon,401.0,222351.0,10/25/2015 12:00:00 AM
Fruits,Passion,34130.23,13455932.0,10/25/2015 12:00:00 AM
Fruits,Pawpaw,570.0,152727.0,10/25/2015 12:00:00 AM
Fruits,Pineapple,3785.0,513536.0,10/25/2015 12:00:00 AM
Fruits,Strawberry,2.0,1055.0,10/25/2015 12:00:00 AM
Fruits,Mango,1259324.3,238984572.0,10/25/2015 12:00:00 AM
Fruits,Macadamia,14390.46,15754660.0,10/25/2015 12:00:00 AM
Vegetables,Pepper mint,2824.25,1114552.0,10/25/2015 12:00:00 AM
Vegetables,Tarragon,45.0,39341.0,10/25/2015 12:00:00 AM
Vegetables,Chillies dried,1750.0,548341.0,10/25/2015 12:00:00 AM
Vegetables,Basil,22381.35,8219965.0,10/25/2015 12:00:00 AM
Vegetables,Chillies,64009.56,21507978.0,10/25/2015 12:00:00 AM
Vegetables,Chives,8696.5,3689801.0,10/25/2015 12:00:00 AM
Vegetables,Coriander/dhania,2551.64,1220008.0,10/25/2015 12:00:00 AM
Vegetables,Curry leaves/limdi,12.88,316.0,10/25/2015 12:00:00 AM
Vegetables,Dill,2162.69,666847.0,10/25/2015 12:00:00 AM
Vegetables,Leeks,5862.0,2055233.0,10/25/2015 12:00:00 AM
Vegetables,Onions,747.9,329276.0,10/25/2015 12:00:00 AM
Vegetables,Parsley,998.9,684267.0,10/25/2015 12:00:00 AM
Vegetables,Rosemary,712.51,208391.0,10/25/2015 12:00:00 AM
Vegetables,Thyme,648.0,339799.0,10/25/2015 12:00:00 AM
Vegetables,Arrow roots(nduma),70.0,15018.0,10/25/2015 12:00:00 AM
Vegetables,Asparagus,10.0,2347.0,10/25/2015 12:00:00 AM
Vegetables,Aubergines,75456.7,18584100.0,10/25/2015 12:00:00 AM
Vegetables,Baby corn,8156.36,2587758.0,10/25/2015 12:00:00 AM
Vegetables,Fine beans,1911695.36,493984409.0,10/25/2015 12:00:00 AM
Vegetables,Beetroot,37.8,30175.0,10/25/2015 12:00:00 AM
Vegetables,Broccoli,17848.6,9841581.0,10/25/2015 12:00:00 AM
Vegetables,Cabbage,10.0,7382.0,10/25/2015 12:00:00 AM
Vegetables,Carrots,1421.0,528484.0,10/25/2015 12:00:00 AM
Vegetables,Courgettes/zucchine,703.68,342468.0,10/25/2015 12:00:00 AM
Vegetables,Dudhi,1916.5,561947.0,10/25/2015 12:00:00 AM
Vegetables,Garden peas,11934.9,5613436.0,10/25/2015 12:00:00 AM
Vegetables,Gunda,896.0,252713.0,10/25/2015 12:00:00 AM
Vegetables,Karella,1710.7,549087.0,10/25/2015 12:00:00 AM
Vegetables,Matoke,201.5,40689.0,10/25/2015 12:00:00 AM
Vegetables,Mixed vegetables,3175522.7,1030132554.0,10/25/2015 12:00:00 AM
Vegetables,Okra,2034.0,706265.0,10/25/2015 12:00:00 AM
Vegetables,Patra/arrow root leaves,1238.0,463536.0,10/25/2015 12:00:00 AM
Vegetables,Pumpkin,24.0,9420.0,10/25/2015 12:00:00 AM
Vegetables,Runner beans,33822.73,14865286.0,10/25/2015 12:00:00 AM
Vegetables,Serenade,660.6,293262.0,10/25/2015 12:00:00 AM
Vegetables,Snap peas,172072.62,62881540.0,10/25/2015 12:00:00 AM
Vegetables,Snow/mangetout,394441.23,148638393.0,10/25/2015 12:00:00 AM
Vegetables,Spinach/palak,40.0,29529.0,10/25/2015 12:00:00 AM
Vegetables,Sugar cane,25.0,9126.0,10/25/2015 12:00:00 AM
Vegetables,Turia,1241.0,343189.0,10/25/2015 12:00:00 AM
Vegetables,Turnips,112.6,28568.0,10/25/2015 12:00:00 AM
Vegetables,Valore,125.0,38391.0,10/25/2015 12:00:00 AM
Vegetables,Bean processed,2354559.88,393131453.0,10/25/2015 12:00:00 AM
Vegetables,Herbs,113788.16,58433724.0,10/25/2015 12:00:00 AM
Cut-flowers,Anthurium leaves,386.0,144533.0,11/25/2015 12:00:00 AM
Cut-flowers,Cut foliage,2292.45,1089823.0,11/25/2015 12:00:00 AM
Cut-flowers,Fillers,18.1,844.0,11/25/2015 12:00:00 AM
Cut-flowers,Leather leaves/fern,133.39,85818.0,11/25/2015 12:00:00 AM
Cut-flowers,Achillea,11.17,5226.0,11/25/2015 12:00:00 AM
Cut-flowers,Agapanthus,9671.34,1245249.0,11/25/2015 12:00:00 AM
Cut-flowers,Alstroemeria,72780.52,32791539.0,11/25/2015 12:00:00 AM
Cut-flowers,Amaranthus,16.87,16115.0,11/25/2015 12:00:00 AM
Cut-flowers,Ammi,20910.2,8741267.0,11/25/2015 12:00:00 AM
Cut-flowers,Anigozanthos,393.79,199155.0,11/25/2015 12:00:00 AM
Cut-flowers,Anthurium,70.0,11812.0,11/25/2015 12:00:00 AM
Cut-flowers,Arabicum / saundersiea,12093.12,7565372.0,11/25/2015 12:00:00 AM
Cut-flowers,Asparagus fern,60.83,24483.0,11/25/2015 12:00:00 AM
Cut-flowers,Astrantia,11423.11,11221686.0,11/25/2015 12:00:00 AM
Cut-flowers,Bougainvillea,1500.39,647219.0,11/25/2015 12:00:00 AM
Cut-flowers,Bouvadia,7793.96,3055564.0,11/25/2015 12:00:00 AM
Cut-flowers,Bupleurum,2163.47,639377.0,11/25/2015 12:00:00 AM
Cut-flowers,Calla lillies,18501.65,19041343.0,11/25/2015 12:00:00 AM
Cut-flowers,Carnation / dianthus,239880.11,112579239.0,11/25/2015 12:00:00 AM
Cut-flowers,Celosia/wool flowers,19.61,4218.0,11/25/2015 12:00:00 AM
Cut-flowers,Chrysanthemums,10736.02,2659206.0,11/25/2015 12:00:00 AM
Cut-flowers,Craspedia,13613.96,3575008.0,11/25/2015 12:00:00 AM
Cut-flowers,Crocosmia / montbretia,2025.45,877025.0,11/25/2015 12:00:00 AM
Cut-flowers,Delphinium,1164.58,366540.0,11/25/2015 12:00:00 AM
Cut-flowers,Eryngium,23263.92,12873697.0,11/25/2015 12:00:00 AM
Cut-flowers,Eucalyptus,820.06,419563.0,11/25/2015 12:00:00 AM
Cut-flowers,Euphorbia,117.08,113519.0,11/25/2015 12:00:00 AM
Cut-flowers,Freesia,1132.59,608050.0,11/25/2015 12:00:00 AM
Cut-flowers,Gerbera,0.47,53.0,11/25/2015 12:00:00 AM
Cut-flowers,Gladiolus,40.84,7340.0,11/25/2015 12:00:00 AM
Cut-flowers,Grass,1155.46,799397.0,11/25/2015 12:00:00 AM
Cut-flowers,Gypsophilla / million stars,145107.94,50826057.0,11/25/2015 12:00:00 AM
Cut-flowers,Heliconia,1.51,2637.0,11/25/2015 12:00:00 AM
Cut-flowers,Helianthus/sunflower,4234.85,1236357.0,11/25/2015 12:00:00 AM
Cut-flowers,Hypericum,118362.67,66228793.0,11/25/2015 12:00:00 AM
Cut-flowers,Ivy plants/hederas,15.47,27842.0,11/25/2015 12:00:00 AM
Cut-flowers,Kangaroo paw,3468.48,466992.0,11/25/2015 12:00:00 AM
Cut-flowers,Lavender,272.75,142946.0,11/25/2015 12:00:00 AM
Cut-flowers,Lilies/longiflora,19435.17,14394761.0,11/25/2015 12:00:00 AM
Cut-flowers,Lisianthus/eustoma,138.45,99807.0,11/25/2015 12:00:00 AM
Cut-flowers,Mathiola,12820.81,8141401.0,11/25/2015 12:00:00 AM
Cut-flowers,Mixed flowers,360204.33,202207794.0,11/25/2015 12:00:00 AM
Cut-flowers,Mobbydick,2428.92,1622395.0,11/25/2015 12:00:00 AM
Cut-flowers,Molucella,10.62,13877.0,11/25/2015 12:00:00 AM
Cut-flowers,Ornithogulum,21411.16,7784987.0,11/25/2015 12:00:00 AM
Cut-flowers,Papyrus,157.04,25858.0,11/25/2015 12:00:00 AM
Cut-flowers,Phlox,2207.24,812087.0,11/25/2015 12:00:00 AM
Cut-flowers,Rosemary,1417.24,521887.0,11/25/2015 12:00:00 AM
Cut-flowers,Roses,8809514.65,4090307896.0,11/25/2015 12:00:00 AM
Cut-flowers,Rudbeckia,323.13,104366.0,11/25/2015 12:00:00 AM
Cut-flowers,Ruscus/flower cabbage,3362.28,1285099.0,11/25/2015 12:00:00 AM
Cut-flowers,Scabiosa,2240.47,517720.0,11/25/2015 12:00:00 AM
Cut-flowers,Setaria,13.47,5273.0,11/25/2015 12:00:00 AM
Cut-flowers,Solidago,80872.77,34003237.0,11/25/2015 12:00:00 AM
Cut-flowers,Statice/limonium,69201.95,22388170.0,11/25/2015 12:00:00 AM
Cut-flowers,Strelitzia/birds of paradise,55.08,22665.0,11/25/2015 12:00:00 AM
Cut-flowers,Tuberose,1003.89,1040089.0,11/25/2015 12:00:00 AM
Cut-flowers,Veronica,5902.2,1945801.0,11/25/2015 12:00:00 AM
Cut-flowers,Hydrangea,22131.21,10451048.0,11/25/2015 12:00:00 AM
Cut-flowers,Chrysanthemums cuttings,1008.0,717391.0,11/25/2015 12:00:00 AM
Cut-flowers,Cuttings,68773.34,769297862.0,11/25/2015 12:00:00 AM
Cut-flowers,Fuchsia cuttings,105.09,135753.0,11/25/2015 12:00:00 AM
Cut-flowers,Geranium cuttings,1470.0,2597101.0,11/25/2015 12:00:00 AM
Cut-flowers,Osteospermum cuttings,679.0,1504732.0,11/25/2015 12:00:00 AM
Cut-flowers,Pelargonium cuttings,2079.58,4524652.0,11/25/2015 12:00:00 AM
Cut-flowers,Rose cuttings,4000.0,3211601.0,11/25/2015 12:00:00 AM
Fruits,Avocado,831267.21,142468347.0,11/25/2015 12:00:00 AM
Fruits,Banana,186.0,61799.0,11/25/2015 12:00:00 AM
Fruits,Lemon,552.0,393763.0,11/25/2015 12:00:00 AM
Fruits,Passion fruit juice,200.0,63277.0,11/25/2015 12:00:00 AM
Fruits,Passion,30806.62,8826577.0,11/25/2015 12:00:00 AM
Fruits,Pawpaw,572.0,162543.0,11/25/2015 12:00:00 AM
Fruits,Pineapple,520.0,122704.0,11/25/2015 12:00:00 AM
Fruits,Raspberries/blisses,1304.8,2041623.0,11/25/2015 12:00:00 AM
Fruits,Mango,1612331.49,291241840.0,11/25/2015 12:00:00 AM
Vegetables,Pepper mint,4534.54,1848888.0,11/25/2015 12:00:00 AM
Vegetables,Basil,14760.34,5256900.0,11/25/2015 12:00:00 AM
Vegetables,Chillies,80893.31,29073040.0,11/25/2015 12:00:00 AM
Vegetables,Chives,7339.66,3297249.0,11/25/2015 12:00:00 AM
Vegetables,Coriander/dhania,648.51,455790.0,11/25/2015 12:00:00 AM
Vegetables,Dill,1423.63,456386.0,11/25/2015 12:00:00 AM
Vegetables,Leeks,459.84,152002.0,11/25/2015 12:00:00 AM
Vegetables,Onions,3678.3,1605262.0,11/25/2015 12:00:00 AM
Vegetables,Parsley,724.61,378849.0,11/25/2015 12:00:00 AM
Vegetables,Rosemary,917.99,276887.0,11/25/2015 12:00:00 AM
Vegetables,Thyme,774.0,540897.0,11/25/2015 12:00:00 AM
Vegetables,Amaranthus leaves,1.09,380.0,11/25/2015 12:00:00 AM
Vegetables,Arrow roots(nduma),50.0,11759.0,11/25/2015 12:00:00 AM
Vegetables,Asparagus,140.4,15543.0,11/25/2015 12:00:00 AM
Vegetables,Aubergines,103886.75,30164265.0,11/25/2015 12:00:00 AM
Vegetables,Baby corn,4098.69,1579870.0,11/25/2015 12:00:00 AM
Vegetables,Fine beans,1784440.06,544090607.0,11/25/2015 12:00:00 AM
Vegetables,Beetroot,107.1,94278.0,11/25/2015 12:00:00 AM
Vegetables,Broccoli,27171.25,11538701.0,11/25/2015 12:00:00 AM
Vegetables,Carrots,1310.0,478295.0,11/25/2015 12:00:00 AM
Vegetables,Courgettes/zucchine,928.4,370233.0,11/25/2015 12:00:00 AM
Vegetables,Dudhi,2454.2,798935.0,11/25/2015 12:00:00 AM
Vegetables,Garden peas,12517.3,5691401.0,11/25/2015 12:00:00 AM
Vegetables,Gunda,974.0,336691.0,11/25/2015 12:00:00 AM
Vegetables,Karella,3972.5,1396775.0,11/25/2015 12:00:00 AM
Vegetables,Matoke,347.0,125170.0,11/25/2015 12:00:00 AM
Vegetables,Mixed vegetables,2659500.85,962893852.0,11/25/2015 12:00:00 AM
Vegetables,Okra,3589.0,1272695.0,11/25/2015 12:00:00 AM
Vegetables,Patra/arrow root leaves,1454.0,532289.0,11/25/2015 12:00:00 AM
Vegetables,Rhubarb,50.0,20519.0,11/25/2015 12:00:00 AM
Vegetables,Runner beans,20930.8,6397881.0,11/25/2015 12:00:00 AM
Vegetables,Serenade,135.0,41489.0,11/25/2015 12:00:00 AM
Vegetables,Snap peas,164418.98,77072146.0,11/25/2015 12:00:00 AM
Vegetables,Snow/mangetout,342101.18,155728729.0,11/25/2015 12:00:00 AM
Vegetables,Spinach/palak,60.0,25838.0,11/25/2015 12:00:00 AM
Vegetables,Sugar cane,440.0,42311.0,11/25/2015 12:00:00 AM
Vegetables,Tomato,11.81,625777.0,11/25/2015 12:00:00 AM
Vegetables,Turia,825.0,204785.0,11/25/2015 12:00:00 AM
Vegetables,Turnips,63.0,42647.0,11/25/2015 12:00:00 AM
Vegetables,Valore,569.0,128295.0,11/25/2015 12:00:00 AM
Vegetables,Bean processed,1342079.8,195231509.0,11/25/2015 12:00:00 AM
Vegetables,Snow/mangetout,950.0,658787.0,11/25/2015 12:00:00 AM
Vegetables,Herbs,136149.33,88636590.0,11/25/2015 12:00:00 AM
Cut-flowers,Anthurium leaves,33.5,8794.0,12/25/2015 12:00:00 AM
Cut-flowers,Cut foliage,3705.2,1568734.0,12/25/2015 12:00:00 AM
Cut-flowers,Fillers,31.01,20135.0,12/25/2015 12:00:00 AM
Cut-flowers,Leather leaves/fern,999.94,261598.0,12/25/2015 12:00:00 AM
Cut-flowers,Dried carnations,6.96,5181.0,12/25/2015 12:00:00 AM
Cut-flowers,Agapanthus,12273.23,2821507.0,12/25/2015 12:00:00 AM
Cut-flowers,Alstroemeria,67991.01,33407994.0,12/25/2015 12:00:00 AM
Cut-flowers,Amaranthus,278.66,125804.0,12/25/2015 12:00:00 AM
Cut-flowers,Ammi,5077.18,1811398.0,12/25/2015 12:00:00 AM
Cut-flowers,Anigozanthos,576.38,256973.0,12/25/2015 12:00:00 AM
Cut-flowers,Anthurium,142.96,39844.0,12/25/2015 12:00:00 AM
Cut-flowers,Arabicum / saundersiea,16369.7,9572147.0,12/25/2015 12:00:00 AM
Cut-flowers,Asparagus fern,175.15,76627.0,12/25/2015 12:00:00 AM
Cut-flowers,Assorted/bouquet,180.0,129777.0,12/25/2015 12:00:00 AM
Cut-flowers,Astrantia,21481.36,6712187.0,12/25/2015 12:00:00 AM
Cut-flowers,Bougainvillea,74.45,41306.0,12/25/2015 12:00:00 AM
Cut-flowers,Bouvadia,7682.96,2894102.0,12/25/2015 12:00:00 AM
Cut-flowers,Bupleurum,2172.42,329568.0,12/25/2015 12:00:00 AM
Cut-flowers,Calla lillies,19852.3,18238229.0,12/25/2015 12:00:00 AM
Cut-flowers,Carnation / dianthus,286070.6,158698789.0,12/25/2015 12:00:00 AM
Cut-flowers,Chrysanthemums,15015.98,3232139.0,12/25/2015 12:00:00 AM
Cut-flowers,Craspedia,8151.84,2353840.0,12/25/2015 12:00:00 AM
Cut-flowers,Crocosmia / montbretia,655.22,131995.0,12/25/2015 12:00:00 AM
Cut-flowers,Delphinium,4308.77,1892046.0,12/25/2015 12:00:00 AM
Cut-flowers,Eryngium,20230.66,11344271.0,12/25/2015 12:00:00 AM
Cut-flowers,Eucalyptus,1160.21,475481.0,12/25/2015 12:00:00 AM
Cut-flowers,Fennel/feoniculum,20.75,2109.0,12/25/2015 12:00:00 AM
Cut-flowers,Freesia,797.81,507938.0,12/25/2015 12:00:00 AM
Cut-flowers,Germini,26.23,8437.0,12/25/2015 12:00:00 AM
Cut-flowers,Gladiolus,827.6,174866.0,12/25/2015 12:00:00 AM
Cut-flowers,Grass,733.56,382934.0,12/25/2015 12:00:00 AM
Cut-flowers,Gypsophilla / million stars,185134.15,55483013.0,12/25/2015 12:00:00 AM
Cut-flowers,Helianthus/sunflower,1792.31,541802.0,12/25/2015 12:00:00 AM
Cut-flowers,Hypericum,171122.77,79831311.0,12/25/2015 12:00:00 AM
Cut-flowers,Kangaroo paw,3421.32,538231.0,12/25/2015 12:00:00 AM
Cut-flowers,Lavender,427.93,135547.0,12/25/2015 12:00:00 AM
Cut-flowers,Lilies/longiflora,31370.18,21935569.0,12/25/2015 12:00:00 AM
Cut-flowers,Lisianthus/eustoma,68.0,55598.0,12/25/2015 12:00:00 AM
Cut-flowers,Mathiola,18925.45,15061856.0,12/25/2015 12:00:00 AM
Cut-flowers,Mixed flowers,359688.36,173219304.0,12/25/2015 12:00:00 AM
Cut-flowers,Mobbydick,3285.09,1666588.0,12/25/2015 12:00:00 AM
Cut-flowers,Molucella,26.53,7382.0,12/25/2015 12:00:00 AM
Cut-flowers,Ornithogulum,17464.78,6243689.0,12/25/2015 12:00:00 AM
Cut-flowers,Papyrus,76.6,48324.0,12/25/2015 12:00:00 AM
Cut-flowers,Phlox,3682.57,884560.0,12/25/2015 12:00:00 AM
Cut-flowers,Rosemary,4654.61,1578926.0,12/25/2015 12:00:00 AM
Cut-flowers,Roses,8711243.06,3400301890.0,12/25/2015 12:00:00 AM
Cut-flowers,Rudbeckia,326.96,156416.0,12/25/2015 12:00:00 AM
Cut-flowers,Ruscus/flower cabbage,4135.76,1409874.0,12/25/2015 12:00:00 AM
Cut-flowers,Scabiosa,155.26,33711.0,12/25/2015 12:00:00 AM
Cut-flowers,Solidago,73579.66,24648758.0,12/25/2015 12:00:00 AM
Cut-flowers,Statice/limonium,58879.6,19718701.0,12/25/2015 12:00:00 AM
Cut-flowers,Strelitzia/birds of paradise,176.8,60134.0,12/25/2015 12:00:00 AM
Cut-flowers,Tuberose,1606.57,1946246.0,12/25/2015 12:00:00 AM
Cut-flowers,Veronica,30828.77,9350792.0,12/25/2015 12:00:00 AM
Cut-flowers,Hydrangea,29357.08,15569036.0,12/25/2015 12:00:00 AM
Cut-flowers,Carnation cuttings,2844.09,1240885.0,12/25/2015 12:00:00 AM
Cut-flowers,Chrysanthemums cuttings,2.0,55.0,12/25/2015 12:00:00 AM
Cut-flowers,Cuttings,114763.62,690988252.0,12/25/2015 12:00:00 AM
Cut-flowers,Geranium cuttings,2173.0,3815946.0,12/25/2015 12:00:00 AM
Cut-flowers,Osteospermum cuttings,207.0,417821.0,12/25/2015 12:00:00 AM
Cut-flowers,Pelargonium cuttings,2561.48,1882065.0,12/25/2015 12:00:00 AM
Cut-flowers,Rose cuttings,249.06,97413.0,12/25/2015 12:00:00 AM
Fruits,Avocado,1102499.52,187499270.0,12/25/2015 12:00:00 AM
Fruits,Banana,625.5,198532.0,12/25/2015 12:00:00 AM
Fruits,Lemon,631.06,419767.0,12/25/2015 12:00:00 AM
Fruits,Passion,36725.85,10732853.0,12/25/2015 12:00:00 AM
Fruits,Pawpaw,624.0,173699.0,12/25/2015 12:00:00 AM
Fruits,Raspberries/blisses,24591.1,26625348.0,12/25/2015 12:00:00 AM
Fruits,Mango,2106536.91,366061724.0,12/25/2015 12:00:00 AM
Vegetables,Aloe vera,100.0,92377.0,12/25/2015 12:00:00 AM
Vegetables,Pepper mint,2341.64,1067080.0,12/25/2015 12:00:00 AM
Vegetables,Basil,17510.95,8296857.0,12/25/2015 12:00:00 AM
Vegetables,Chillies,91628.64,34442064.0,12/25/2015 12:00:00 AM
Vegetables,Chives,12309.38,5974449.0,12/25/2015 12:00:00 AM
Vegetables,Coriander/dhania,697.75,455829.0,12/25/2015 12:00:00 AM
Vegetables,Dill,1843.49,564246.0,12/25/2015 12:00:00 AM
Vegetables,Leeks,365.24,175001.0,12/25/2015 12:00:00 AM
Vegetables,Onions,852.55,393857.0,12/25/2015 12:00:00 AM
Vegetables,Parsley,410.0,328526.0,12/25/2015 12:00:00 AM
Vegetables,Rosemary,1116.08,449957.0,12/25/2015 12:00:00 AM
Vegetables,Thyme,916.1,496165.0,12/25/2015 12:00:00 AM
Vegetables,Amaranthus leaves,110.14,12655.0,12/25/2015 12:00:00 AM
Vegetables,Asparagus,590.8,161605.0,12/25/2015 12:00:00 AM
Vegetables,Aubergines,114446.37,29932443.0,12/25/2015 12:00:00 AM
Vegetables,Baby corn,5769.54,2498328.0,12/25/2015 12:00:00 AM
Vegetables,Fine beans,2292792.13,538567527.0,12/25/2015 12:00:00 AM
Vegetables,Beetroot,54.18,43251.0,12/25/2015 12:00:00 AM
Vegetables,Broccoli,28536.76,13664643.0,12/25/2015 12:00:00 AM
Vegetables,Carrots,263.0,116194.0,12/25/2015 12:00:00 AM
Vegetables,Courgettes/zucchine,379.6,146680.0,12/25/2015 12:00:00 AM
Vegetables,Dudhi,2632.47,929249.0,12/25/2015 12:00:00 AM
Vegetables,Garden peas,8529.32,6077325.0,12/25/2015 12:00:00 AM
Vegetables,Gunda,519.0,129210.0,12/25/2015 12:00:00 AM
Vegetables,Karella,1836.59,614626.0,12/25/2015 12:00:00 AM
Vegetables,Matoke,297.78,104241.0,12/25/2015 12:00:00 AM
Vegetables,Mixed vegetables,2760710.73,1018151186.0,12/25/2015 12:00:00 AM
Vegetables,Okra,2868.4,1046248.0,12/25/2015 12:00:00 AM
Vegetables,Patra/arrow root leaves,1882.0,803299.0,12/25/2015 12:00:00 AM
Vegetables,Rhubarb,44.0,130501.0,12/25/2015 12:00:00 AM
Vegetables,Runner beans,14741.4,4015173.0,12/25/2015 12:00:00 AM
Vegetables,Serenade,30.0,11104.0,12/25/2015 12:00:00 AM
Vegetables,Snap peas,99502.32,51455557.0,12/25/2015 12:00:00 AM
Vegetables,Snow/mangetout,213930.92,105709500.0,12/25/2015 12:00:00 AM
Vegetables,Spinach/palak,280.0,144494.0,12/25/2015 12:00:00 AM
Vegetables,Sugar cane,25.0,9126.0,12/25/2015 12:00:00 AM
Vegetables,Turia,1293.5,474026.0,12/25/2015 12:00:00 AM
Vegetables,Turnips,63.0,42647.0,12/25/2015 12:00:00 AM
Vegetables,Bean processed,770650.88,115660099.0,12/25/2015 12:00:00 AM
Vegetables,Snow/mangetout,260.0,125520.0,12/25/2015 12:00:00 AM
Vegetables,Herbs,122201.63,77814477.0,12/25/2015 12:00:00 AM
